Region,Country,Type,Response,CHGStrgy,CHGMltimodal,CHGSpace,CHGBudget,CHGCollab,CHGIntlExp,CHGEmpt,OnlineCourse2019,OnlineCourse1w,StdCentred,ExtCourse,ExtModules,STDFlex,STDContent,STDMorCamp,STDLessCamp,STDMicroCred,STDInterPath,STDWorkOpp,STDDgtlLiteracy,MonitorStdSatis,STFCentUnit,STFDgtlLiteracy,STFOrgCul,AIGuideline,AICommittee,AIDecentr,AIonExam,AIStdInformed,AIStdTaught,AIasConcern,AIPrincip,AIasThreat,AIinSyllabi,AIforAssess,AILearnProces,DoResearch,1velRSCollab,RSonAI,RSPolicyAI,RSExplrAI,DGTStdEnrol,DGTHRMgt,DGTFinance,DGTStdSupport,DGTStdRetention,DGTStdExp,DGTStafCollab,DGTStdCollab,DGTKnwlgshare,DGTDataReposit,ITinfras 4staff,ITinfras4std,StdDgtlAccess,MonitorEnergy,Policy4SustainUse ,Policy4disposal,IncrExpend,IncrStaffcost,DecrExpend,Publfund4Dgtlinfras,Publfund4StdDgtl,PartnerwPrivt4Dev,PartnerwPriv4Std,KeyChallenge,InequalitiesStd,44Std,TechIssue,Cybersecurity ,DataProtection,PerInfor,LackOfAgency,CostOfUpdating,ComplexityOf EdTech ,Interoperability ,FindProviders ,StfReluctance ,TechPace
6,United States of America,2,1,4,5,2,4,1,1,5,0,30,2,1,1,4,3,1,4,3,3,2,4,2,2,2,1,1,1,1,3,3,3,3,3,3,1,1,3,1,,,,,5,2,4,5,5,3,5,5,4,1,Good,Good,Very good,1,2,2,4,5,2,1,1,1,1,3,2,4,4,5,5,5,4,5,4,5,5,4,5
6,Canada,1,5,4,3,2,2,3,3,1,5,20,2,1,2,4,2,2,2,1,3,4,3,2,2,2,2,2,2,3,2,2,2,2,2,2,2,1,2,2,4,4,3,4,4,3,3,3,2,3,4,4,3,3,Good,Good,Good,2,3,3,5,4,2,2,1,2,2,5,1,2,1,4,4,4,3,4,2,4,4,2,4
6,United States of America,2,4,3,1,2,1,3,1,2,15,22,2,2,1,4,4,3,2,2,2,5,4,2,2,3,2,3,2,2,2,2,2,2,2,2,2,2,2,2,3,2,1,3,5,5,5,5,5,5,4,4,4,4,Very good,Very good,Very good,3,3,2,4,4,2,1,1,2,2,3,2,2,1,5,5,5,3,4,5,4,4,5,3
6,United States of America,2,6,2,1,1,2,1,1,1,100,100,2,4,1,3,3,1,1,3,2,3,3,2,2,2,2,2,2,1,2,2,3,2,2,2,3,3,3,1,,,,,5,4,4,5,5,5,5,5,5,4,Very good,Very good,Very good,2,2,2,3,3,3,2,2,2,2,1,1,3,1,5,5,5,3,3,4,5,2,4,3
6,United States of America,2,2,4,3,4,2,2,2,1,5,10,2,2,1,3,3,1,1,1,1,4,4,2,2,2,3,2,2,2,2,2,1,1,2,2,2,3,2,2,1,2,1,3,4,4,4,4,3,3,3,3,3,3,Acceptable,Acceptable,Acceptable,1,2,2,4,2,3,1,1,4,3,4,2,4,3,4,5,5,3,4,3,5,4,4,4
6,Canada,1,6,1,2,3,3,3,2,2,2,8,2,2,1,3,3,3,3,3,3,3,2,1,2,2,2,2,2,3,2,2,3,2,2,2,2,1,2,2,3,3,1,3,4,4,4,4,4,4,4,5,2,3,Acceptable,Acceptable,Good,3,3,3,4,4,2,3,3,3,3,3,3,3,3,4,4,4,3,4,5,4,4,3,4
2,Uzbekistan,1,3,4,3,5,5,5,4,4,100,10,2,1,2,2,2,4,1,3,4,5,5,2,2,2,2,2,2,2,2,2,2,2,2,2,2,2,2,2,3,3,3,3,4,4,4,4,4,4,4,4,4,4,Good,Good,Good,2,2,1,4,1,3,4,4,4,4,1,1,2,1,3,3,3,3,3,3,3,3,3,3
4,Uruguay,2,1,4,4,4,4,4,1,3,20,50,2,1,1,4,2,3,3,1,3,3,3,2,2,2,2,2,3,1,2,2,3,1,3,3,2,1,3,1,,,,,5,5,5,4,5,4,5,4,3,2,Acceptable,Acceptable,Poor,1,1,1,4,3,2,1,1,1,1,4,2,1,3,5,5,5,5,5,5,5,5,5,5
6,United States of America,2,5,4,4,4,4,4,4,3,100,55,2,3,2,3,4,2,4,4,4,4,4,2,2,2,2,3,3,3,3,2,2,3,3,3,2,2,3,2,4,1,3,3,4,2,3,5,3,5,5,5,5,4,Very good,Very good,Very good,2,2,2,5,5,4,1,1,2,2,4,3,2,2,5,5,5,5,5,5,5,5,5,5
3,TŸrkiye,1,3,4,4,4,3,4,3,2,10,28,2,3,1,4,4,4,2,3,4,4,4,2,2,2,2,3,3,3,3,3,3,3,3,3,3,3,3,2,4,1,1,2,5,5,5,4,4,4,4,4,4,3,Acceptable,Acceptable,Acceptable,2,2,2,5,5,5,2,2,2,2,2,2,3,3,5,5,5,5,5,5,5,5,5,5
4,Mexico,2,2,4,5,2,4,1,2,1,0,75,2,1,1,4,2,5,2,2,2,4,2,2,2,2,2,3,3,3,3,3,3,2,3,1,3,1,3,1,,,,,3,2,5,3,5,3,2,3,2,2,Acceptable,Acceptable,Acceptable,3,3,1,4,2,2,1,1,1,1,3,1,1,4,4,5,5,3,4,3,4,4,4,4
4,Mexico,1,6,4,4,5,4,4,4,1,4,6,2,1,1,4,5,1,5,4,4,4,4,1,2,2,2,2,2,3,2,2,2,2,2,2,2,2,2,2,3,3,1,1,5,3,5,4,2,3,4,4,4,3,Acceptable,Acceptable,Good,2,2,2,4,4,2,4,4,2,2,4,2,2,5,4,3,3,2,4,2,2,2,2,4
5,Israel,1,1,4,3,4,4,5,4,2,0,5,2,3,2,3,3,5,1,2,4,3,,2,2,3,2,1,3,3,1,3,2,3,2,1,3,1,3,1,,,,,4,5,4,4,4,2,3,4,3,3,Acceptable,Acceptable,Acceptable,2,1,1,5,5,1,4,1,1,1,3,4,4,2,5,5,5,4,5,4,5,5,5,4
5,Iraq,2,3,4,3,5,5,4,3,4,100,60,2,1,1,4,3,5,1,4,3,5,5,2,2,2,2,2,2,2,2,3,2,2,2,1,3,3,2,2,5,4,4,5,5,5,5,5,5,4,5,4,5,5,Very good,Very good,Very good,2,2,2,5,1,4,1,1,1,1,4,1,1,2,5,5,5,1,5,1,4,5,1,4
5,Iraq,2,2,5,5,4,5,5,4,4,50,100,2,1,1,4,5,5,2,3,4,5,5,2,3,3,3,2,2,3,2,2,3,1,2,1,2,3,2,2,5,5,5,5,5,5,5,5,5,5,5,5,5,5,Very good,Very good,Very good,2,2,2,5,3,3,5,5,5,5,3,1,1,1,5,5,5,2,2,2,4,5,2,5
1,Egypt,2,5,3,2,3,4,2,2,2,10,25,2,2,1,4,4,3,3,2,4,4,4,1,2,2,2,1,2,2,1,2,3,2,3,3,2,1,3,2,2,2,2,3,4,4,4,4,4,4,4,3,4,3,Good,Good,Good,2,2,2,4,2,2,1,1,2,2,4,2,4,4,5,5,5,3,5,4,5,5,4,5
3,Armenia,1,3,3,2,3,2,3,1,1,0,0,2,3,1,5,4,3,5,3,4,5,4,1,2,2,2,1,1,1,1,2,1,2,3,3,1,1,3,2,3,1,1,2,3,3,3,3,3,3,4,2,3,3,Poor,Poor,Poor,3,3,1,3,1,2,3,3,3,3,3,3,4,4,3,4,4,4,3,3,3,4,3,3
6,Canada,1,5,4,4,4,3,2,1,1,10,12,2,1,2,4,4,4,2,2,3,4,4,2,2,2,3,2,2,1,2,2,3,2,2,2,2,1,3,2,4,4,1,3,2,3,4,4,4,4,4,4,4,4,Good,Good,Good,2,2,2,4,3,2,1,1,3,1,3,2,4,2,5,5,5,1,5,4,4,4,3,4
2,Indonesia,2,5,4,4,4,4,4,4,4,54,74,2,2,2,4,4,4,4,4,5,4,4,2,2,2,2,2,2,1,2,2,2,2,2,2,2,2,2,2,4,4,4,5,5,5,5,5,5,5,4,4,4,4,Good,Good,Good,2,2,2,5,4,4,4,4,4,4,4,4,4,5,4,4,4,4,4,4,4,4,4,4
5,Qatar,1,3,5,5,5,5,3,5,1,0,13,2,3,2,3,5,5,1,5,2,5,3,1,2,2,2,2,2,3,3,2,2,3,3,3,2,1,2,2,5,4,1,4,5,5,5,5,5,5,5,5,5,5,Very good,Very good,Very good,2,2,2,5,4,3,5,5,4,4,2,1,1,1,5,5,5,5,5,5,5,5,5,5
6,Canada,1,3,5,5,3,5,4,2,3,7,19,2,2,2,4,4,2,4,2,3,4,4,2,2,2,2,2,2,1,3,2,2,3,2,2,2,1,2,2,4,5,3,4,5,5,5,4,3,5,5,5,4,4,Good,Good,Good,3,2,2,4,4,3,4,4,4,4,4,2,3,2,5,5,5,3,4,3,4,4,4,4
6,United States of America,2,3,2,1,2,2,2,2,1,5,18,2,1,1,2,2,5,1,1,2,2,2,2,2,2,2,2,1,2,2,2,2,3,2,3,3,3,3,2,2,2,1,2,4,4,4,2,2,2,3,2,2,2,Acceptable,Acceptable,Acceptable,1,1,1,5,5,3,1,1,2,2,3,3,4,1,5,5,5,1,4,3,3,3,3,3
6,United States of America,1,4,2,2,2,3,2,2,1,10,15,2,1,1,2,3,1,3,3,2,4,3,2,2,2,2,3,2,2,2,2,3,2,3,2,2,2,2,2,4,5,3,5,1,1,1,1,1,1,1,1,1,1,Very poor,Very poor,Very poor,1,1,1,1,1,1,1,1,1,1,1,1,1,1,1,1,1,1,1,1,1,1,1,1
6,United States of America,2,4,3,3,3,3,4,2,2,5,20,2,2,1,4,3,2,3,3,3,3,3,2,2,2,2,3,2,3,3,2,2,2,2,1,2,3,3,2,2,4,4,4,4,3,2,3,4,3,2,2,2,3,Acceptable,Acceptable,Good,1,3,1,4,4,3,3,3,3,2,3,2,5,3,5,4,3,3,4,3,5,3,4,4
6,United States of America,2,2,3,2,4,3,2,2,2,50,75,2,3,2,4,4,2,3,4,4,4,4,2,2,2,2,3,3,2,1,2,2,2,2,3,2,1,2,1,,,,,4,3,2,3,3,3,3,3,2,2,Good,Good,Good,2,2,2,3,4,1,1,1,4,4,4,2,2,2,5,4,5,4,5,4,5,5,2,4
2,Turkmenistan,1,1,2,1,5,3,4,3,1,40,10,2,2,1,3,2,4,2,1,1,2,3,2,2,2,2,1,1,1,1,1,1,1,1,2,1,1,1,2,1,1,1,1,1,4,4,3,3,3,2,2,2,1,Good,Good,Good,2,2,2,2,2,1,4,3,3,1,4,1,1,1,4,4,4,2,2,2,1,1,2,2
1,Kenya,1,3,5,5,5,5,5,5,5,0,50,2,1,1,4,3,3,3,3,3,3,4,2,2,2,2,1,1,3,3,3,1,1,3,1,1,1,1,2,4,2,1,2,4,4,4,4,3,4,4,4,4,4,Good,Acceptable,Good,2,2,2,3,4,3,3,2,1,2,3,2,2,3,3,4,4,4,3,3,4,4,3,4
1,South 1,1,5,2,3,2,4,3,2,2,1,1,2,4,2,3,4,3,1,2,1,3,4,2,2,2,2,2,2,1,2,2,2,2,2,2,2,1,2,2,4,4,3,4,4,4,5,3,3,2,2,1,1,3,Good,Good,Good,3,1,2,5,4,1,2,1,1,1,4,3,5,4,5,5,5,4,5,5,4,5,4,5
1,Zimbabwe,1,4,4,3,2,4,4,3,1,16,50,2,1,1,4,4,1,,4,4,4,5,2,2,3,3,3,2,3,3,3,3,1,3,2,2,3,1,2,3,2,1,3,3,4,3,3,3,3,3,2,3,4,Acceptable,Poor,Very poor,3,3,2,4,3,2,3,3,3,3,3,2,5,5,3,3,4,4,5,3,3,3,5,5
6,United States of America,1,6,3,4,3,3,2,2,3,8,19,2,2,2,3,3,2,3,3,3,4,3,2,2,2,2,2,2,1,2,2,3,2,2,3,3,3,2,2,2,2,2,2,5,5,4,4,4,3,4,4,3,4,Good,Good,Good,3,3,3,5,5,4,5,4,3,2,2,4,5,2,4,4,4,3,4,4,4,4,4,4
4,Argentina,2,4,3,3,3,4,4,4,3,3,27,1,1,1,3,4,3,1,3,3,4,3,2,2,2,2,3,2,2,3,1,3,3,2,3,1,1,2,2,4,3,3,3,4,4,4,4,4,4,4,4,4,4,Acceptable,Acceptable,Acceptable,2,2,2,3,3,3,3,3,3,3,3,3,3,3,3,3,3,3,3,3,3,3,3,3
3,Portugal,1,4,3,1,3,3,3,3,1,0,5,2,1,1,4,4,2,1,2,2,4,4,2,2,2,2,2,1,1,3,2,2,2,2,1,2,1,2,2,4,3,3,3,4,3,4,4,4,4,4,4,3,4,Good,Good,Good,3,1,2,4,3,3,4,4,3,3,3,3,3,3,4,5,5,3,5,4,5,4,3,4
2,Afghanistan,1,2,1,3,1,1,4,1,1,10,1,1,2,1,3,2,2,2,2,3,3,3,1,3,3,1,1,1,1,1,1,1,1,1,1,1,1,1,2,5,1,1,1,3,2,1,1,1,1,1,2,3,3,Poor,Poor,Poor,1,1,1,2,3,3,1,1,1,1,1,1,1,1,3,3,4,5,4,5,3,5,4,4
2,Afghanistan,2,1,5,4,5,5,5,5,5,0,0,2,4,1,5,5,5,2,3,,5,5,2,2,2,2,2,2,2,2,2,2,3,2,3,2,2,2,2,4,5,5,5,5,5,5,5,5,5,5,5,5,5,Very good,Very good,Very good,2,2,2,5,4,2,1,1,5,5,3,4,4,3,5,5,5,4,4,4,4,4,4,4
3,Ukraine,1,3,5,5,4,4,3,4,4,2,30,2,4,2,4,4,3,3,2,4,4,5,2,2,2,2,2,2,2,2,2,2,1,2,1,2,3,2,2,5,3,4,4,5,5,4,5,5,5,5,5,5,5,Very good,Very good,Good,2,3,2,2,2,4,1,2,5,5,4,2,2,1,5,5,5,4,4,3,4,4,1,3
2,Philippines,2,4,4,4,3,4,4,3,3,15,50,2,2,2,4,4,3,2,4,4,5,5,2,2,2,2,3,3,3,2,2,3,2,2,2,3,3,3,2,3,3,2,5,5,5,5,5,5,5,5,5,5,5,Very good,Very good,Very good,2,2,2,4,4,3,1,1,4,4,3,1,5,3,5,5,5,4,5,5,5,4,4,4
3,Holy See,2,2,4,4,4,4,4,4,1,10,10,2,3,2,3,4,4,3,3,3,3,4,2,2,2,3,3,1,2,2,2,2,1,2,3,1,1,2,2,3,2,2,2,4,3,4,4,2,4,4,4,4,4,Good,Good,Good,1,3,2,4,4,2,1,1,1,1,5,2,4,2,5,5,5,4,4,4,4,4,3,3
6,United States of America,1,4,3,3,3,4,4,2,2,10,27,2,1,1,3,2,3,1,4,4,4,3,1,1,3,3,3,2,3,3,3,3,2,3,1,3,3,3,2,4,2,2,3,3,3,3,3,3,3,4,4,4,3,Poor,Acceptable,Acceptable,2,3,2,4,4,2,1,1,1,1,5,5,5,4,5,5,5,4,5,5,5,4,5,5
1,Zimbabwe,1,5,4,3,4,4,4,3,3,3,20,2,2,1,4,4,3,3,3,2,5,4,2,2,2,2,2,2,2,2,2,2,2,2,2,2,1,2,2,4,4,5,4,5,4,4,4,3,4,3,3,3,5,Good,Good,Good,2,2,2,5,5,5,4,4,4,4,2,2,5,4,5,5,5,5,5,3,4,5,5,5
1,Nigeria,1,5,2,3,4,4,3,3,1,10,55,2,1,1,4,4,4,3,3,3,3,4,1,2,2,2,1,1,1,1,1,1,1,1,1,1,1,1,2,4,3,2,3,5,3,4,3,3,3,3,3,3,1,Acceptable,Acceptable,Poor,1,2,1,4,4,3,4,3,4,4,5,3,5,4,5,5,5,3,5,3,2,2,5,4
3,Armenia,1,2,4,2,2,2,3,1,2,0,2,1,2,1,3,2,1,4,3,3,4,4,1,1,1,3,1,3,1,1,1,1,1,1,1,1,1,1,2,1,1,1,1,3,4,3,4,4,3,4,4,3,2,Acceptable,Acceptable,Poor,3,3,3,4,4,2,1,1,1,1,4,1,5,2,3,4,4,4,4,4,4,5,4,4
1,Democratic Republic of the Congo,1,5,3,1,4,4,2,1,3,30,40,2,2,1,4,4,3,3,3,3,4,4,2,2,2,1,1,1,1,1,2,3,2,2,3,1,1,3,2,4,2,2,2,4,3,4,4,4,4,4,4,4,4,Acceptable,Acceptable,Acceptable,1,3,3,2,4,2,1,1,4,4,5,3,5,2,5,5,5,5,4,4,4,5,5,5
3,Sweden,1,4,2,2,2,2,4,3,1,31,40,2,1,2,3,,2,3,2,2,3,3,2,2,2,2,3,3,2,2,2,3,1,1,2,2,2,2,2,4,3,1,2,5,5,4,5,4,3,4,4,3,4,Very good,Very good,Good,1,2,2,4,3,4,1,1,2,2,4,3,3,3,5,5,5,3,3,3,4,3,4,3
6,United States of America,1,5,4,4,3,4,3,2,2,50,60,2,2,2,4,3,3,3,3,4,4,3,2,2,2,2,2,2,2,2,2,2,2,2,2,2,1,2,2,2,3,2,3,4,3,3,4,4,4,3,3,3,4,Acceptable,Good,Acceptable,3,3,2,4,5,3,3,2,3,3,5,4,4,4,5,5,5,4,5,5,5,5,5,5
2,Japan,2,2,4,4,3,3,3,1,1,0,50,2,1,1,3,3,4,2,3,2,3,3,2,2,1,2,2,2,2,1,2,2,3,3,3,1,1,2,2,3,3,1,2,4,4,4,4,4,3,3,3,3,2,Acceptable,Acceptable,Acceptable,1,1,2,5,3,3,5,5,3,1,5,4,5,5,4,4,3,4,4,4,3,3,3,3
1,Ghana,1,4,4,4,4,3,4,5,3,20,75,2,1,1,3,3,2,4,2,4,4,4,2,3,2,2,3,3,3,2,2,2,2,2,2,3,1,2,2,3,4,1,4,5,3,3,4,3,4,4,4,3,3,Acceptable,Acceptable,Acceptable,1,3,2,5,5,2,4,1,2,4,5,3,5,4,5,5,4,5,5,5,5,4,4,5
6,United States of America,2,3,2,2,3,3,2,1,2,0,6,2,1,2,2,2,4,1,2,3,3,2,2,2,2,2,2,3,2,3,3,3,2,2,3,1,3,3,2,1,2,2,2,4,4,4,4,3,4,4,4,,1,Good,Very good,Very good,3,3,2,5,4,4,2,1,1,1,5,2,3,2,5,5,5,3,4,3,5,3,2,3
4,Colombia,2,4,5,5,4,4,5,5,3,3,12,2,3,2,4,5,2,3,2,3,3,4,2,1,2,2,2,3,1,2,2,2,2,2,1,3,1,2,2,2,3,5,4,5,5,5,4,4,4,5,5,3,4,Good,Good,Good,2,1,2,3,3,4,1,1,3,3,4,3,5,3,5,5,5,3,5,3,3,3,2,4
1,Senegal,1,1,3,4,1,3,3,1,1,10,10,1,1,1,3,3,,2,3,3,3,3,2,2,1,1,1,1,1,1,1,1,1,1,1,2,2,2,1,,,,,3,3,1,3,3,3,3,3,3,3,Acceptable,Acceptable,Acceptable,1,1,1,3,3,3,3,3,3,3,3,3,3,3,4,4,4,4,4,4,4,4,4,4
3,Ukraine,1,2,4,4,4,4,4,4,4,20,100,2,3,1,3,3,2,2,3,3,4,4,2,2,2,2,2,1,2,3,2,2,1,2,2,2,2,2,2,3,4,4,3,4,4,4,4,4,4,4,4,4,5,Good,Good,Very good,2,3,2,5,4,3,2,2,2,2,4,1,1,1,5,5,5,1,4,2,3,2,2,2
1,Tanzania,1,2,5,5,5,5,5,4,4,30,45,2,1,1,2,2,1,1,2,2,2,2,2,2,2,2,3,3,2,1,2,2,2,2,3,2,1,3,2,5,5,3,5,5,5,5,5,5,5,5,5,5,5,Good,Good,Good,2,3,2,5,5,4,2,2,2,2,4,4,5,5,5,5,5,4,5,5,5,5,3,4
1,Ethiopia,1,5,3,4,4,3,4,4,2,0,30,2,1,1,4,4,3,3,3,4,5,4,1,2,2,2,3,1,1,2,2,2,2,3,1,2,1,3,2,5,3,1,3,5,5,5,5,5,5,5,5,5,5,Acceptable,Acceptable,Acceptable,3,1,1,4,3,2,4,1,4,3,3,3,4,4,4,4,4,4,4,4,4,3,4,4
3,Germany,1,6,2,3,1,2,3,3,2,10,30,2,4,2,4,4,,,3,3,2,4,2,3,2,3,3,3,2,3,3,3,3,3,3,3,3,3,2,3,3,1,3,4,3,3,4,3,5,5,3,4,5,Good,Acceptable,Very good,2,1,1,3,3,3,4,3,4,3,5,3,3,3,5,5,5,3,3,3,5,5,4,3
1,Nigeria,1,3,3,3,4,3,3,2,2,0,30,2,1,1,3,4,2,4,2,3,5,4,1,2,2,2,1,1,1,1,1,1,1,1,1,1,1,2,2,4,3,1,2,4,3,3,3,3,3,4,4,3,3,Acceptable,Acceptable,Acceptable,1,1,1,5,4,3,3,1,3,3,4,5,4,3,4,4,3,3,4,3,3,3,4,5
2,Mongolia,2,1,5,5,4,4,4,4,5,47,60,2,2,2,2,3,3,5,4,2,5,3,2,2,3,2,3,3,3,1,3,3,1,1,3,3,1,3,1,,,,,5,4,4,5,5,5,4,5,5,3,Acceptable,Acceptable,Acceptable,2,2,3,5,5,1,3,1,3,2,4,3,4,4,4,5,5,5,5,5,5,5,5,5
4,Brazil,2,3,4,5,4,5,4,4,5,1,34,2,4,1,5,5,3,3,4,4,3,5,2,2,2,2,2,2,2,2,2,2,2,2,2,2,2,2,2,4,5,4,3,3,3,3,3,3,3,3,3,3,4,Acceptable,Acceptable,Acceptable,2,2,2,4,5,2,1,2,2,4,2,4,5,2,5,5,5,5,5,5,5,5,4,5
4,Honduras,1,1,3,2,5,5,3,3,4,100,30,1,3,1,3,3,5,3,3,2,2,3,1,1,1,2,1,1,1,1,1,1,2,1,1,1,1,2,2,1,1,1,1,5,4,4,3,4,3,3,4,3,3,Good,Good,Good,1,1,1,5,5,1,4,1,1,1,5,3,2,2,5,5,5,4,5,5,4,5,5,4
4,Colombia,1,5,5,4,5,4,4,4,4,90,40,2,4,1,5,5,5,2,4,4,5,5,1,2,2,2,1,1,1,1,1,1,1,1,2,1,1,2,2,2,3,1,3,4,4,4,4,4,4,4,4,4,4,Good,Acceptable,Acceptable,3,2,2,5,5,3,4,4,3,3,5,5,5,5,5,5,5,3,5,5,5,5,5,5
3,Ukraine,1,2,4,5,5,4,4,4,3,85,100,2,4,2,2,4,4,1,3,3,4,3,2,2,2,2,2,2,2,1,2,3,1,2,1,1,1,1,2,5,3,4,3,4,4,5,5,4,4,5,5,5,5,Very good,Very good,Very good,2,3,2,3,2,2,4,4,2,2,4,1,3,2,4,4,4,4,3,4,4,4,4,4
2,Japan,2,5,3,3,3,2,2,2,1,0,11,2,1,1,3,2,3,2,1,3,1,3,1,1,1,1,1,1,1,1,1,3,2,1,3,2,3,2,2,3,3,1,1,5,3,3,3,2,2,3,4,2,1,Poor,Poor,Poor,3,1,1,3,3,3,4,1,2,2,4,4,2,5,5,5,5,4,4,3,5,4,5,5
3,Ukraine,1,3,4,4,3,4,4,4,3,0,80,2,4,2,4,3,4,1,2,2,4,4,2,2,2,2,3,3,1,2,2,2,3,2,2,1,1,1,2,5,4,5,5,5,5,5,5,5,5,5,5,5,5,Good,Good,Very good,2,2,2,1,1,1,1,1,5,5,3,1,4,1,1,1,1,3,4,3,3,2,1,4
5,Palestine,1,5,4,3,5,5,4,3,2,2,6,2,2,1,4,4,2,3,3,4,4,4,2,2,2,2,3,3,1,2,3,3,3,3,2,2,1,3,2,4,3,3,3,4,3,4,4,4,4,4,4,4,3,Good,Acceptable,Good,3,3,3,5,5,4,2,2,3,2,4,4,4,3,4,4,4,4,4,4,4,4,4,4
4,Jamaica,1,4,3,3,2,2,3,2,1,4,23,2,1,1,4,3,3,3,3,2,3,3,1,2,2,1,2,2,2,2,2,2,2,2,2,2,3,2,2,4,3,1,2,4,3,3,3,3,3,3,3,3,3,Good,Good,Good,3,3,2,4,4,3,4,1,2,2,4,4,2,1,5,5,4,5,5,3,5,5,5,4
1,Angola,1,2,4,1,2,1,2,3,2,60,10,2,2,1,3,3,2,4,4,2,5,3,1,3,2,2,3,1,1,1,2,2,1,3,2,1,2,1,2,5,1,1,1,1,1,1,1,1,1,1,1,1,1,Poor,Good,Poor,3,3,3,2,3,2,4,4,4,5,2,5,5,5,5,5,5,5,5,3,3,5,5,5
5,Iraq,1,5,4,4,3,3,4,3,2,3,5,2,1,1,3,3,2,2,3,2,3,3,2,2,2,2,3,3,3,2,2,3,2,3,2,2,1,3,2,5,2,2,3,4,4,3,4,4,4,4,4,4,3,Acceptable,Acceptable,Acceptable,2,3,3,4,3,3,4,4,3,3,3,2,4,4,5,5,5,3,4,3,3,2,4,3
2,Kyrgyzstan,1,2,4,1,5,4,4,2,1,4,5,2,3,1,1,4,4,2,1,3,4,4,2,2,2,2,3,3,3,1,3,3,1,2,1,2,1,2,2,4,3,1,4,5,5,5,5,5,5,5,5,4,4,Good,Good,Very good,3,2,2,5,4,1,1,1,5,5,4,1,1,2,5,5,5,4,5,5,4,5,4,5
5,United Arab Emirates,2,2,3,1,3,3,2,2,2,100,0,2,1,1,3,3,3,3,3,3,4,4,2,2,2,2,2,2,2,2,2,2,1,1,2,2,1,2,2,4,4,4,4,5,5,5,5,5,5,5,5,5,5,Good,Good,Good,2,2,2,5,4,2,1,1,1,2,5,3,4,4,5,5,5,4,4,5,5,4,4,5
3,Germany,1,4,4,4,4,4,4,4,4,10,25,2,1,2,4,2,3,2,1,2,1,1,2,2,2,2,2,2,2,2,2,1,2,2,2,2,1,2,2,4,3,1,2,5,5,4,4,4,4,5,5,4,4,Good,Good,Acceptable,2,2,2,4,4,1,5,1,1,1,5,4,4,4,5,5,5,4,5,5,4,5,5,5
2,Japan,1,4,3,3,2,2,3,3,1,1,27,2,1,1,2,2,4,1,1,2,1,3,2,1,2,1,2,2,2,2,2,3,2,3,2,2,3,2,2,4,5,2,4,4,2,4,2,2,3,4,4,3,3,Good,Good,Good,1,1,1,4,4,4,5,5,5,5,5,1,5,3,5,5,5,5,4,3,5,5,4,4
2,India,1,5,3,3,4,4,3,2,2,0,30,2,2,2,4,4,3,3,2,2,4,3,2,2,2,2,3,3,3,3,3,3,3,3,3,2,3,3,2,2,1,1,3,4,4,4,3,2,2,4,4,3,4,Good,Good,Very good,1,3,2,4,4,4,2,2,4,4,2,1,1,2,5,5,5,3,4,3,3,4,4,4
2,India,1,1,5,5,4,5,5,5,4,10,50,2,4,2,4,5,4,1,4,5,4,5,2,2,2,2,3,3,2,2,2,2,2,3,2,1,1,3,2,5,5,5,5,5,5,4,4,5,5,5,5,5,5,Very good,Very good,Very good,2,2,2,2,2,5,2,4,5,5,1,1,1,1,4,5,5,4,4,4,5,5,4,4
6,United States of America,2,1,1,1,2,2,2,3,2,75,75,2,1,1,2,2,1,1,1,3,1,3,2,2,2,2,2,1,1,3,2,2,3,2,2,1,1,3,2,3,2,3,2,4,4,4,3,3,3,4,4,4,4,Very good,Very good,Very good,1,1,1,3,3,3,3,1,1,1,1,2,2,2,4,4,4,3,4,3,3,4,3,3
4,Chile,1,4,4,4,4,3,3,3,4,5,20,2,4,1,4,3,3,3,4,4,3,4,2,2,2,3,3,3,3,2,2,3,1,2,1,2,3,2,2,3,3,3,3,5,5,4,4,3,3,4,4,4,4,Very good,Very good,Very good,3,3,3,4,3,2,3,3,3,3,4,2,1,1,5,5,5,4,4,3,5,5,4,4
3,Ireland,1,5,4,2,4,2,3,1,1,4,7,2,1,2,4,4,3,1,2,3,3,3,2,2,2,2,3,2,3,2,2,2,3,2,3,2,1,2,2,5,5,1,3,4,4,4,4,2,3,3,3,3,3,Good,Good,Good,2,3,2,4,4,3,3,2,2,2,5,2,4,1,5,5,5,3,5,2,3,5,3,5
3,United Kingdom,1,5,3,3,3,3,3,2,2,10,10,2,1,1,2,3,2,3,2,3,4,3,2,2,2,2,2,3,1,3,2,2,3,3,3,3,3,2,2,3,5,1,4,4,4,4,3,2,3,4,4,3,4,Good,Good,Good,2,2,2,5,4,3,2,1,1,1,5,3,5,3,5,5,5,5,4,4,3,4,4,4
3,TŸrkiye,1,4,4,4,4,4,4,3,4,5,15,2,2,1,3,3,4,1,2,3,4,4,2,2,2,2,3,3,1,3,2,3,1,3,2,1,1,1,2,4,4,3,3,5,4,5,5,4,5,5,5,3,3,Very good,Very good,Very good,2,2,2,4,3,3,5,5,5,4,4,3,2,2,5,5,5,4,5,4,5,4,4,4
3,Finland,1,4,4,4,4,2,3,3,3,20,56,2,2,2,4,3,2,3,2,3,3,2,1,3,2,3,2,3,2,2,2,1,2,2,2,2,1,2,2,2,3,3,4,4,5,5,4,2,4,4,3,3,4,Good,Good,Good,2,2,2,4,3,2,4,2,1,1,4,3,1,1,4,5,4,3,4,4,2,3,3,3
3,Poland,1,3,5,3,5,3,3,3,2,0,1,2,1,1,2,3,3,2,2,2,1,4,1,1,2,2,3,1,1,1,2,2,1,1,1,1,1,2,2,4,3,3,3,3,2,2,3,2,2,4,4,3,3,Acceptable,Acceptable,Acceptable,3,1,2,2,3,3,4,4,4,3,4,1,2,2,4,4,4,3,4,3,5,4,3,3
1,Nigeria,1,2,3,1,3,3,4,3,3,0,10,1,2,1,4,4,3,3,3,4,5,4,1,2,3,3,3,2,3,3,3,3,3,3,3,3,3,3,2,2,2,3,3,3,2,3,3,2,2,1,1,1,3,Acceptable,Acceptable,Acceptable,2,3,1,5,5,2,2,2,2,2,4,1,5,4,4,4,4,4,4,4,4,4,4,4
3,Ukraine,1,4,4,4,5,4,4,4,3,27,100,2,2,2,4,4,3,2,1,3,4,4,2,2,2,2,3,3,2,3,2,2,3,2,2,3,1,1,2,5,4,1,2,5,5,5,5,4,4,5,5,3,4,Good,Good,Good,2,3,2,4,3,4,4,4,5,5,5,3,3,3,5,5,5,2,4,5,4,4,4,4
2,"Taiwan, province of China",2,1,1,5,3,4,2,1,1,10,20,2,2,1,2,3,3,1,5,5,5,3,1,2,1,2,3,3,2,1,2,2,1,2,1,3,1,2,1,,,,,5,3,3,5,3,4,5,4,5,2,Good,Good,Good,2,3,3,1,2,4,5,5,2,2,3,1,4,3,2,4,2,3,5,5,3,5,2,3
3,Andorra,1,2,3,3,5,3,4,2,3,50,57,2,3,2,4,3,2,3,3,3,2,3,2,1,2,2,2,2,1,2,2,2,1,2,1,2,2,2,2,1,4,3,3,4,1,3,3,4,4,4,3,1,1,Good,Good,Very good,1,2,2,2,2,2,4,2,1,1,3,1,5,2,5,5,5,3,4,2,4,2,4,4
3,Portugal,2,2,5,4,3,3,3,2,1,0,10,2,1,1,5,4,3,5,3,3,5,5,2,2,2,2,3,1,1,2,3,3,3,2,3,1,1,2,2,5,2,1,2,5,4,3,4,4,3,3,3,2,2,Good,Good,Acceptable,3,3,3,4,4,2,1,1,1,1,5,2,4,4,5,5,5,4,5,4,5,5,4,5
2,"Taiwan, province of China",1,3,2,2,1,3,4,4,3,3,10,2,2,1,3,4,3,3,3,3,4,4,1,2,2,3,1,1,3,3,1,2,3,3,3,3,3,3,2,3,4,3,3,4,4,4,4,3,4,4,4,4,4,Good,Good,Good,3,2,2,3,3,3,4,4,2,2,4,2,2,4,4,4,4,3,4,4,4,4,3,4
2,China Macao SAR,1,4,3,1,2,2,2,1,1,5,5,2,1,1,1,2,1,1,1,3,2,3,1,2,2,2,2,2,3,2,2,2,2,2,3,3,3,3,2,4,4,4,3,4,4,4,4,4,4,4,4,4,4,Good,Good,Good,2,2,2,4,4,3,5,5,1,1,4,1,4,5,5,5,5,3,5,5,5,3,5,4
2,Japan,2,2,2,2,2,4,3,2,1,0,1,1,2,1,3,3,3,2,2,3,3,3,1,2,2,1,2,1,1,2,2,3,1,3,1,1,1,2,2,2,1,1,2,3,3,3,3,3,3,3,3,3,3,Acceptable,Acceptable,Acceptable,1,1,1,3,3,3,3,3,3,3,3,3,3,3,3,3,3,3,3,3,3,3,3,3
1,Nigeria,2,2,4,2,2,4,4,2,3,30,53,2,2,1,2,4,3,3,4,3,4,4,1,2,2,2,3,2,3,1,2,2,1,2,2,2,1,2,2,5,3,5,3,,4,4,4,4,4,4,4,4,4,Very good,Good,Good,2,3,2,5,5,2,1,1,4,4,2,1,5,1,5,5,5,4,5,4,5,4,4,5
3,Sweden,1,5,4,2,5,3,4,3,1,12,16,2,2,2,4,3,5,5,3,3,4,3,2,2,2,2,2,2,1,2,2,2,3,2,3,3,3,2,2,4,4,2,3,5,5,3,3,3,3,4,4,4,3,Very good,Good,Good,3,2,2,5,5,4,1,1,1,1,5,2,5,2,5,5,5,3,5,4,5,4,5,4
3,Ukraine,1,3,3,5,3,4,5,3,2,0,90,2,4,2,4,5,3,2,4,3,4,2,2,2,2,2,3,3,3,3,2,2,1,2,2,3,1,3,2,4,2,2,2,5,2,2,2,2,4,5,5,5,5,Good,Good,Good,2,2,2,4,4,1,1,1,4,4,5,1,4,4,5,5,5,4,4,4,4,4,2,5
3,Belgium,1,3,3,2,3,4,3,2,4,5,7,2,1,2,3,1,2,2,1,2,4,1,1,2,2,3,2,3,3,2,2,2,2,2,1,2,2,2,2,3,3,3,5,3,3,3,3,2,2,3,3,2,3,Acceptable,Acceptable,Acceptable,1,1,2,5,5,2,1,2,5,5,5,1,2,4,5,5,5,4,5,4,3,3,3,4
3,Georgia,1,1,4,4,3,4,3,2,4,3,10,2,1,1,1,2,5,1,1,4,3,5,2,1,2,3,1,1,1,2,2,2,1,2,1,2,1,2,2,3,1,1,1,3,3,5,5,5,3,4,3,1,1,Acceptable,Acceptable,Very good,3,1,1,4,1,1,2,1,1,1,5,1,4,4,3,5,5,1,4,1,3,2,4,4
2,Japan,2,4,2,2,1,2,3,3,1,0,2,2,2,1,2,3,2,3,1,3,3,3,1,1,2,2,3,2,1,3,3,3,3,3,2,3,3,3,2,3,1,1,1,5,5,5,4,3,3,4,2,4,3,Good,Good,Acceptable,1,1,2,5,3,4,3,3,4,3,5,3,4,2,5,5,5,4,5,4,5,4,4,5
5,Saudi Arabia,2,2,3,3,2,4,3,2,2,0,11,2,3,1,3,3,3,2,3,4,5,4,2,2,2,2,3,2,3,3,2,2,2,2,1,2,1,2,2,4,4,3,4,5,5,5,5,5,5,5,5,5,5,Very good,Very good,Very good,2,2,2,4,4,2,1,1,2,2,2,1,1,1,5,5,5,1,3,3,5,5,3,5
3,Montenegro,2,2,4,5,3,3,4,2,2,20,80,2,4,1,4,4,2,4,2,2,2,2,2,1,2,2,1,2,2,2,2,2,3,3,3,2,3,2,2,4,4,1,5,4,2,4,4,2,2,1,2,4,3,Acceptable,Acceptable,Good,1,1,1,4,3,3,4,2,4,3,3,3,1,2,5,5,5,4,4,3,4,4,5,5
6,United States of America,1,4,4,5,3,4,3,4,1,50,50,2,1,2,5,5,3,3,3,3,4,4,2,2,2,2,3,2,1,3,2,2,2,3,3,2,3,2,2,4,4,3,4,5,4,3,4,4,4,3,4,4,4,Good,Very good,Very good,1,1,3,4,4,2,1,1,1,1,5,1,5,3,5,5,5,4,5,4,5,5,5,3
1,Angola,1,2,3,3,3,2,3,1,1,0,10,2,1,1,2,3,1,2,1,2,3,3,2,2,2,1,1,1,1,1,1,1,1,1,1,1,1,3,2,3,1,1,1,4,1,1,4,4,4,4,3,4,2,Poor,Very poor,Very poor,1,1,1,2,3,1,2,1,1,1,5,2,5,5,3,3,4,4,5,4,4,3,4,3
3,Hungary,2,4,3,2,2,3,3,2,3,1,3,2,2,1,3,3,3,1,2,2,4,4,2,2,2,3,3,2,1,2,2,1,3,1,3,2,1,2,2,4,4,1,3,5,4,4,4,3,4,4,2,3,3,Good,Good,Acceptable,1,1,2,4,3,3,2,2,2,1,4,4,4,4,4,4,4,2,5,5,4,4,4,5
2,Bangladesh,2,3,3,3,5,4,2,1,1,100,0,1,1,1,3,4,3,3,4,4,3,3,1,2,2,3,3,1,1,3,2,3,1,2,1,2,1,3,2,2,2,1,1,5,3,3,4,4,4,3,4,4,2,Good,Good,Good,3,1,2,5,5,4,2,1,1,1,4,5,5,4,4,5,4,3,4,2,4,4,5,4
5,Iran (Islamic Republic of),2,2,3,3,5,4,3,2,1,0,10,2,2,1,4,4,3,3,4,3,4,4,2,2,2,2,3,3,3,3,3,3,3,3,3,3,1,3,2,3,3,4,4,5,3,5,3,4,3,1,1,2,2,Good,Acceptable,Acceptable,3,2,2,5,3,2,1,1,5,5,4,2,3,2,4,4,5,3,2,2,3,2,3,3
2,Bangladesh,2,4,4,4,4,4,4,3,3,0,15,2,1,1,3,3,4,1,3,3,3,4,2,2,2,2,3,3,3,2,2,2,3,3,1,3,1,3,2,4,4,3,4,4,4,4,4,4,4,4,4,4,4,Very good,Very good,Very good,2,3,3,4,4,4,1,1,2,2,2,2,3,3,5,5,5,2,4,3,2,2,4,4
6,United States of America,1,5,2,3,3,1,2,1,1,10,15,2,1,2,4,3,3,3,2,2,3,3,1,2,2,1,1,3,2,2,2,2,2,2,2,2,1,2,2,3,2,1,2,4,4,4,3,2,2,4,4,3,3,Good,Good,Acceptable,2,3,2,5,3,3,5,5,4,3,5,4,5,1,5,5,5,3,5,4,4,3,4,4
6,United States of America,2,5,4,3,4,4,3,2,1,18,18,2,2,2,4,4,3,3,3,4,4,4,1,2,2,2,2,2,1,2,2,2,3,2,3,2,3,2,2,4,4,4,5,4,4,4,4,4,4,4,4,4,4,Good,Good,Very good,2,2,2,4,4,2,1,1,4,4,2,1,4,3,5,5,5,3,4,4,4,4,4,4
4,Brazil,2,2,5,4,3,4,3,3,3,99,20,2,3,2,4,4,4,2,5,5,5,5,2,3,2,2,2,2,1,2,2,2,2,2,3,2,2,2,2,5,4,3,5,5,5,5,5,5,5,5,5,5,5,Very good,Very good,Very good,3,3,3,5,5,5,5,5,5,5,5,5,5,5,5,5,5,5,5,5,5,5,5,5
3,Ukraine,1,3,5,4,5,5,4,4,3,48,100,2,3,2,5,3,1,5,2,3,4,5,2,2,2,3,2,3,3,2,3,3,1,2,1,3,2,2,2,5,4,3,5,4,4,4,5,4,5,5,5,5,5,Very good,Very good,Good,2,3,3,4,4,3,1,1,2,2,5,3,2,1,4,4,5,3,4,5,4,4,3,3
1,Ethiopia,2,3,4,3,3,4,4,4,4,100,40,2,1,1,4,3,3,3,4,2,3,4,1,2,2,2,3,3,3,3,3,3,3,3,3,3,3,3,2,4,1,2,3,3,4,3,4,3,4,4,3,4,4,Good,Good,Good,2,2,1,5,4,4,1,1,5,5,5,4,4,3,4,5,5,5,5,5,4,4,4,4
6,United States of America,1,5,4,4,4,3,2,2,4,16,16,2,1,1,5,3,2,2,1,5,4,3,2,2,2,2,2,2,2,3,2,2,2,2,3,2,3,2,2,4,5,3,5,4,3,4,4,4,4,4,4,4,4,Very good,Very good,Very good,3,3,2,5,4,3,4,3,4,4,5,4,5,4,5,5,5,4,5,4,5,4,3,5
3,Spain,2,4,3,2,3,3,4,4,2,8,10,2,1,2,1,3,2,2,2,2,2,4,2,2,2,3,2,2,1,2,2,3,2,2,3,3,1,2,2,4,3,2,2,5,5,5,5,3,4,5,5,4,2,Good,Good,Good,3,3,2,5,5,3,2,1,4,4,4,2,5,2,5,5,5,2,4,4,5,4,4,4
2,Pakistan,2,4,4,4,3,5,3,2,2,10,80,2,2,2,4,4,3,3,3,3,4,4,2,2,2,2,3,2,3,2,2,2,3,3,3,2,1,3,2,4,4,2,4,4,4,4,4,4,4,4,4,4,4,Very good,Good,Good,3,3,3,5,4,2,3,3,3,3,3,4,4,4,4,4,4,3,4,4,4,4,3,3
3,Finland,1,4,3,4,2,3,2,1,1,5,30,1,2,1,4,3,4,2,2,3,3,2,2,2,2,2,2,2,1,1,2,2,3,2,3,2,1,2,2,3,4,5,3,4,4,4,4,2,3,4,4,3,3,Very good,Very good,Very good,2,2,2,3,4,4,4,2,4,2,3,2,4,2,5,4,5,1,5,3,5,5,4,3
2,Singapore,2,1,4,4,3,3,4,3,2,0,0,2,2,1,2,3,3,1,3,3,3,3,2,2,2,2,2,2,1,1,2,2,2,2,1,1,1,2,2,4,2,2,3,4,4,4,4,4,4,4,4,4,4,Very good,Very good,Very good,1,1,1,4,4,3,4,4,1,4,3,2,2,1,5,5,5,3,3,3,4,3,3,3
3,Ukraine,1,1,4,4,4,5,5,5,1,0,15,2,2,2,4,4,2,1,1,4,1,4,2,2,2,2,3,1,1,1,1,2,1,3,2,1,1,1,2,3,2,1,2,4,2,5,4,2,2,4,4,4,4,Good,Good,Very good,2,2,2,4,3,4,5,5,4,3,3,1,4,2,4,4,4,3,3,3,4,4,4,4
3,Belgium,2,2,4,4,3,4,4,4,2,0,20,2,2,2,3,3,1,3,3,2,2,4,2,2,2,2,3,2,3,2,3,3,2,2,1,2,2,2,2,4,3,3,4,5,4,4,4,4,4,4,4,4,4,Good,Acceptable,Acceptable,1,3,3,5,5,4,4,3,2,2,5,5,5,4,4,4,4,1,4,3,4,4,4,4
3,Italy,1,6,3,3,2,2,2,2,3,5,10,2,2,1,4,4,3,3,2,3,3,3,2,2,2,3,2,2,1,3,2,2,2,2,3,3,3,3,2,4,3,2,4,5,5,5,4,4,4,4,4,4,4,Good,Good,Good,2,1,3,4,3,3,2,1,1,1,3,3,4,2,5,5,5,5,5,5,5,5,5,5
3,Bosnia and Herzegovina,2,1,5,5,5,5,5,5,5,58,58,2,1,1,3,4,2,2,3,3,4,4,2,1,2,2,2,3,3,3,2,2,1,2,2,2,2,2,2,4,1,1,2,5,4,5,5,5,5,5,5,5,5,Very good,Very good,Very good,2,2,1,2,4,4,4,4,4,4,5,4,5,5,5,5,4,4,5,5,5,5,5,5
1,Cabo Verde,2,2,5,5,5,5,5,5,3,10,100,2,1,2,4,4,3,3,3,4,5,5,2,2,2,2,3,1,1,2,3,3,2,2,3,2,3,3,2,4,3,3,4,5,4,5,4,4,4,5,5,4,4,Very good,Very good,Very good,2,3,3,4,5,3,1,1,2,2,5,3,4,3,5,4,4,3,4,3,5,4,5,4
3,Switzerland,1,4,2,4,3,3,2,3,2,1,1,2,2,2,4,3,2,3,3,2,3,2,2,2,2,2,2,1,1,3,3,1,2,3,1,2,1,2,2,4,3,3,4,4,3,3,4,3,3,3,2,4,4,Good,Acceptable,Good,1,2,2,5,4,1,4,1,1,1,5,2,2,2,5,5,4,2,4,4,4,4,4,5
6,United States of America,2,3,2,2,2,2,2,2,2,11,10,2,1,1,3,3,4,2,2,2,2,2,1,2,1,2,2,2,2,1,2,2,3,3,3,2,3,2,2,4,2,1,2,5,4,3,4,4,4,4,4,4,2,Good,Acceptable,Good,2,1,2,4,3,2,1,1,1,2,4,2,5,2,5,5,5,2,5,4,4,5,3,5
4,Brazil,2,3,4,4,3,3,4,3,2,18,18,2,3,2,2,2,3,2,2,1,4,2,2,2,2,2,1,1,3,2,1,3,2,3,3,2,1,2,2,3,1,1,3,4,4,4,4,4,4,4,4,4,3,Good,Good,Acceptable,3,2,2,5,5,5,2,2,2,2,5,2,4,4,5,5,5,5,5,5,5,5,5,5
2,India,2,5,3,2,2,3,4,3,3,0,3,2,1,1,3,3,2,2,2,3,4,4,2,2,2,2,2,2,3,2,2,2,3,3,1,2,1,2,2,4,4,3,4,4,4,4,4,3,4,5,5,5,4,Very good,Very good,Very good,2,2,3,3,3,4,1,1,4,4,3,3,4,4,5,5,5,4,3,3,4,3,3,4
4,El Salvador,2,4,4,4,4,4,4,4,4,40,80,2,5,2,4,4,4,4,4,4,4,4,2,2,2,2,1,1,1,1,1,2,1,2,2,1,1,1,2,4,3,1,3,5,5,5,5,5,4,4,4,4,5,Very good,Very good,Very good,2,2,2,4,4,3,1,1,2,2,4,3,2,2,5,5,5,5,5,4,4,4,4,4
3,Armenia,1,3,3,1,2,4,3,1,1,100,3,2,1,1,4,3,3,3,2,3,5,5,2,2,2,2,1,3,1,1,1,3,2,2,2,2,1,2,2,5,4,3,4,4,4,4,4,4,3,4,3,4,4,Good,Acceptable,Acceptable,2,3,3,3,4,3,2,2,4,2,4,2,3,3,5,5,5,3,4,5,5,5,3,4
2,Kazakhstan,1,2,2,4,3,3,4,3,2,40,3,2,1,1,4,4,4,2,3,3,3,4,1,2,2,2,2,2,2,2,2,2,2,2,2,2,2,2,2,2,5,2,4,5,5,3,5,4,4,3,3,3,4,Good,Good,Good,2,2,3,3,3,3,3,3,3,3,3,3,3,3,4,4,4,4,4,4,4,3,3,3
1,Kenya,1,2,4,4,4,3,4,3,2,30,50,1,2,2,4,4,3,4,4,4,4,4,2,2,2,2,3,3,1,2,2,3,3,3,3,3,3,3,2,4,2,2,2,4,4,4,4,3,3,4,4,3,3,Acceptable,Acceptable,Poor,3,3,3,4,4,3,1,1,2,2,4,3,5,5,4,4,4,4,4,3,3,4,4,4
2,Vietnam,2,5,3,3,2,2,2,2,1,10,30,2,1,1,1,1,2,1,2,2,2,3,2,2,2,2,1,1,1,1,1,1,3,1,1,2,1,1,2,2,2,1,2,5,4,4,4,4,4,3,3,2,1,Acceptable,Acceptable,Acceptable,1,1,1,4,3,4,2,1,1,1,5,5,5,5,5,5,5,5,5,5,5,5,5,5
5,Saudi Arabia,2,2,2,2,3,4,3,2,2,0,3,2,1,1,3,2,2,4,4,4,4,4,2,2,2,2,2,1,2,1,2,2,1,2,2,1,1,2,2,2,1,3,3,4,5,5,4,2,4,4,4,4,3,Very good,Very good,Good,2,2,2,4,4,2,1,2,1,1,3,3,3,2,3,2,3,2,5,3,3,4,4,5
4,Haiti,2,1,4,4,2,2,3,3,2,80,80,2,1,2,3,4,1,4,2,1,5,2,2,1,2,2,2,3,1,1,2,2,2,3,2,1,1,2,2,3,2,1,4,2,1,4,2,2,2,4,2,2,2,Poor,Poor,Poor,2,1,1,4,4,1,1,1,2,1,5,2,5,4,5,5,5,2,5,4,4,5,2,5
4,Brazil,2,3,4,1,2,1,3,3,1,5,5,2,1,1,4,3,1,3,1,2,4,5,2,2,2,1,2,3,2,2,2,2,3,2,2,2,2,2,2,3,3,1,4,2,3,1,4,2,4,2,4,3,4,Poor,Good,Acceptable,3,1,2,2,1,1,1,1,1,1,1,1,1,1,5,5,5,1,2,3,2,3,2,2
1,Nigeria,1,5,4,4,4,4,3,3,3,10,20,2,1,1,3,3,2,3,1,2,2,2,1,2,2,3,1,1,1,1,1,1,1,1,1,1,1,1,2,4,4,2,4,5,3,3,2,2,2,3,3,2,4,Acceptable,Acceptable,Acceptable,2,2,2,3,3,2,2,1,1,2,4,3,4,4,5,5,5,4,4,3,3,3,4,3
1,Nigeria,1,5,4,4,4,4,4,4,4,10,80,2,1,1,4,4,3,4,3,4,4,5,2,2,2,2,1,1,1,1,1,1,2,1,2,1,1,1,2,4,1,2,2,4,4,4,4,4,4,4,4,4,4,Good,Good,Acceptable,3,2,2,4,4,3,2,2,2,2,3,2,4,4,4,4,4,4,4,4,4,4,4,4
1,Tunisie,1,4,3,3,3,3,2,1,2,1,2,2,1,1,2,2,1,4,2,1,3,2,2,2,2,3,3,1,1,1,1,1,1,1,2,2,1,3,2,2,3,2,2,2,2,3,3,2,2,2,1,1,2,Poor,Poor,Poor,1,1,1,3,4,1,4,3,2,2,5,1,3,4,3,3,3,5,5,3,5,4,5,4
1,Nigeria,2,1,5,4,4,5,5,5,4,40,85,2,5,1,4,3,4,2,3,1,2,4,2,2,2,2,2,2,2,2,2,2,2,2,2,2,2,2,2,4,5,5,3,5,5,5,4,4,5,5,4,4,5,Good,Good,Acceptable,2,2,3,5,4,3,1,2,3,5,2,3,5,5,5,5,5,3,5,3,2,5,4,3
3,Czech Republic,1,5,3,4,3,4,4,4,2,1,3,2,2,2,2,3,3,3,2,2,3,4,2,2,2,2,2,2,1,3,2,2,1,3,3,2,3,2,2,4,4,4,4,5,4,3,4,3,3,4,4,4,4,Very good,Very good,Very good,2,2,2,4,4,2,4,4,2,2,5,3,5,2,5,5,5,3,4,5,5,3,3,5
3,Ukraine,1,4,3,4,3,4,4,2,2,41,100,2,2,2,2,2,3,3,2,3,3,4,2,2,2,2,3,3,1,3,3,1,3,3,2,1,1,3,2,3,4,1,3,4,4,4,4,4,4,5,5,4,3,Acceptable,Acceptable,Acceptable,2,2,2,5,4,4,2,1,4,2,2,1,2,2,5,5,5,3,5,3,3,2,3,2
1,Angola,1,2,3,3,3,3,3,3,3,0,0,1,2,1,4,3,2,3,3,4,4,4,1,2,2,2,1,1,1,1,1,2,2,1,1,2,1,2,2,1,1,1,1,4,4,3,4,3,4,4,4,4,4,Very poor,Very poor,Poor,1,1,1,2,3,3,3,2,4,3,4,4,4,4,5,5,5,4,4,4,3,4,5,5
3,Denmark,1,2,3,2,3,2,2,2,1,3,3,1,2,2,2,1,2,2,1,2,2,1,2,3,3,1,3,1,1,2,2,1,2,3,3,2,1,2,2,2,2,1,2,4,4,4,3,2,3,3,3,2,2,Acceptable,Acceptable,Acceptable,1,1,2,2,2,1,1,1,2,2,2,1,3,2,5,5,5,2,2,2,2,2,4,4
2,China Macao SAR,2,5,3,5,3,3,3,3,3,0,1,1,1,1,4,5,4,2,4,4,4,4,1,2,2,2,2,3,2,3,2,2,3,3,3,3,3,3,2,5,5,5,5,5,4,4,5,4,5,5,5,5,5,Very good,Very good,Very good,3,2,2,2,2,3,4,4,3,3,3,1,1,3,4,4,4,5,4,4,3,4,1,4
2,Pakistan,2,3,3,2,2,3,4,3,2,0,20,2,1,1,4,4,3,3,4,4,4,4,2,2,2,2,3,2,3,3,3,2,2,2,3,3,1,2,2,4,3,4,5,4,5,5,4,4,5,5,5,4,4,Acceptable,Acceptable,Acceptable,2,1,2,4,4,3,1,1,4,4,5,3,5,5,4,5,4,3,3,3,4,4,5,4
3,Armenia,1,2,3,4,2,3,2,2,1,10,30,2,1,1,4,4,3,3,1,3,5,3,2,1,2,2,1,1,1,1,2,2,1,2,3,2,1,2,2,4,2,1,3,4,3,4,4,3,3,4,3,5,5,Acceptable,Good,Good,1,1,1,4,3,2,1,2,3,3,4,2,3,2,4,4,4,4,3,3,3,3,5,4
1,Algeria,1,2,3,4,4,4,3,2,2,18,83,2,4,2,1,1,4,1,1,1,4,4,2,2,2,2,3,2,2,2,2,2,2,2,1,2,2,2,2,1,3,1,3,4,4,4,4,4,4,4,4,4,4,Very good,Very good,Very good,1,3,3,4,4,1,4,4,1,1,2,1,1,1,3,3,1,3,1,1,3,1,1,3
5,Iraq,1,2,3,3,3,2,3,2,2,85,0,1,1,1,3,4,4,2,3,3,4,3,1,1,3,1,1,1,3,1,3,1,3,3,2,1,1,3,2,3,4,3,3,3,2,2,2,2,3,2,2,3,3,Poor,Poor,Very poor,1,1,1,3,3,3,1,1,2,2,4,3,4,4,5,5,5,5,5,4,4,3,4,4
2,Pakistan,1,6,4,2,2,5,3,1,1,100,100,2,2,2,4,4,1,2,3,4,4,5,2,2,2,2,2,2,1,3,3,3,2,2,1,2,1,3,2,4,1,2,3,5,4,4,4,3,5,4,3,4,3,Very good,Very good,Very good,2,3,2,4,4,3,1,2,1,4,5,5,5,5,5,5,5,4,5,3,4,4,5,5
3,Poland,2,1,3,2,2,2,2,2,1,1,40,1,2,1,3,3,1,3,3,2,4,3,2,2,2,3,2,1,3,3,2,2,3,2,3,2,3,2,2,2,2,1,1,4,2,3,3,2,3,2,3,3,2,Acceptable,Acceptable,Acceptable,1,1,3,3,2,2,2,2,1,1,3,2,1,2,3,2,2,3,3,3,3,3,2,2
2,New Zealand,2,1,3,3,4,4,1,1,2,50,100,2,1,1,4,4,4,1,2,2,1,3,2,1,3,2,2,1,1,1,2,2,1,2,1,2,3,2,2,1,3,3,4,5,4,5,4,4,4,4,4,4,4,Good,Good,Very good,3,3,3,2,2,2,4,1,1,1,2,1,2,2,5,5,5,1,4,4,4,1,2,3
4,Barbados,1,3,3,3,3,4,3,2,1,5,30,2,3,2,4,4,1,4,4,2,4,4,1,2,2,2,2,2,1,2,2,3,2,2,2,2,3,2,2,3,3,3,3,4,4,5,4,4,4,5,5,4,3,Good,Good,Good,2,2,2,5,5,5,1,1,1,5,5,4,4,4,5,5,4,4,5,4,4,5,4,5
1,Mozambique,2,5,4,3,4,3,4,4,4,78,49,2,3,2,5,5,4,4,4,5,5,5,2,2,2,3,3,1,1,1,1,1,1,1,1,3,1,1,2,5,2,1,2,5,4,5,5,3,4,4,4,4,5,Acceptable,Good,Acceptable,1,1,1,4,4,4,1,1,2,2,4,4,5,5,5,5,5,4,4,4,4,4,4,4
3,Armenia,1,3,4,4,2,4,3,4,2,0,10,2,3,1,4,4,3,3,2,4,4,4,2,2,3,2,3,3,1,1,2,3,1,3,1,1,1,1,2,3,2,4,2,2,3,4,2,2,3,2,2,3,3,Acceptable,Poor,Poor,2,2,2,4,3,2,1,1,4,4,4,3,3,2,4,4,4,4,4,3,3,3,4,4
2,China Macao SAR,2,2,3,1,2,3,3,1,1,0,5,2,2,1,3,4,5,2,1,3,4,1,1,3,1,2,2,1,2,2,2,2,1,2,1,2,2,2,2,5,4,2,4,5,5,5,5,5,5,3,3,4,5,Good,Good,Good,1,1,2,3,2,4,5,5,2,2,3,1,1,1,4,5,5,2,4,2,2,2,1,4
1,Madagascar,1,4,3,4,3,1,2,3,2,26,20,1,1,1,2,1,3,2,,2,1,5,1,1,1,1,1,1,1,1,1,1,1,1,1,1,1,1,2,1,1,1,1,1,2,2,1,1,1,1,1,2,2,Very poor,Very poor,Very poor,2,2,2,1,1,1,1,1,1,1,1,1,1,1,1,1,1,1,1,1,1,1,1,1
3,Portugal,2,1,4,3,4,5,4,4,3,20,70,2,1,2,4,4,4,1,1,2,4,4,2,2,2,2,3,3,3,3,2,2,2,3,1,2,3,2,2,4,3,2,3,4,4,4,4,4,4,4,4,4,4,Very good,Very good,Very good,2,2,2,4,4,2,3,4,4,2,4,4,5,4,5,4,4,4,5,5,4,4,2,4
3,Germany,1,1,3,3,3,4,3,1,3,2,5,1,1,2,3,2,3,1,1,3,3,2,1,1,1,2,3,2,3,3,3,3,3,3,3,3,1,2,2,2,3,3,3,5,5,5,4,3,3,3,3,3,2,Acceptable,Acceptable,Acceptable,3,3,3,5,4,2,4,3,3,3,4,2,2,2,5,5,5,3,4,3,3,4,4,4
4,Chile,2,4,5,5,4,5,3,3,2,10,30,1,5,1,5,5,3,3,5,5,5,5,1,3,3,2,3,2,1,3,1,1,3,1,1,1,1,3,2,2,2,1,2,5,5,4,5,4,5,5,5,5,3,Poor,Poor,Poor,1,1,1,5,4,3,2,1,1,1,4,2,4,3,5,5,5,3,2,2,4,3,5,4
3,Bulgaria,2,2,1,3,1,3,5,3,1,10,10,2,1,1,5,5,1,5,1,1,2,4,2,2,2,2,3,3,3,3,3,3,3,3,2,2,1,3,2,5,1,1,1,2,2,2,2,2,2,4,4,4,1,Acceptable,Acceptable,Acceptable,3,3,3,3,3,3,1,1,2,2,5,3,3,5,5,5,5,3,5,5,5,5,5,5
3,Slovenia,1,5,5,3,3,3,2,2,1,12,17,2,2,2,4,3,2,4,2,5,4,3,2,2,2,2,2,3,2,2,2,2,2,2,1,3,1,2,2,4,4,5,4,5,4,4,4,5,4,4,3,3,5,Good,Good,Good,1,3,2,5,4,3,5,2,1,1,5,3,4,3,5,5,5,5,5,5,5,4,4,4
1,Kenya,2,4,4,4,4,5,4,3,4,10,45,2,4,2,5,5,2,3,4,4,5,5,2,2,2,2,3,3,3,2,2,2,2,3,2,2,1,3,2,4,2,3,4,5,5,5,4,4,4,4,5,4,4,Very good,Good,Good,3,2,3,3,3,2,2,4,4,3,4,2,4,2,5,4,4,3,2,3,3,2,3,4
3,Austria,1,3,3,5,1,4,3,2,1,5,20,1,1,1,5,3,3,3,2,1,3,3,2,2,2,2,2,1,2,3,1,1,1,1,1,2,1,2,2,3,3,1,2,5,4,5,3,1,4,3,4,4,2,Very good,Very good,Very good,1,1,2,4,4,2,4,4,1,2,4,1,2,1,5,5,5,3,4,3,4,3,4,4
6,United States of America,1,5,3,4,4,3,4,4,3,32,43,2,1,1,3,3,4,1,4,4,4,4,1,2,2,2,2,2,2,2,2,2,2,2,2,1,1,2,2,4,3,2,2,4,3,3,4,4,4,4,4,4,3,Very good,Very good,Very good,2,3,2,4,2,3,2,2,4,4,4,1,2,1,5,5,5,5,4,4,5,4,3,4
5,Yemen,1,2,3,2,4,3,3,3,2,35,20,2,3,2,3,3,2,3,4,3,4,4,1,2,3,3,2,3,3,2,2,2,1,2,2,2,1,2,2,5,4,3,4,5,4,4,3,3,2,3,3,3,4,Acceptable,Good,Good,1,1,1,5,4,3,2,2,4,3,4,4,4,4,5,5,5,4,5,3,4,4,3,4
3,France,2,3,3,4,4,3,4,3,4,5,20,2,2,1,3,3,4,2,3,5,4,3,2,1,3,2,1,3,3,3,2,2,3,2,1,3,1,1,2,3,2,2,2,5,5,4,4,3,4,5,5,3,3,Good,Good,Good,3,3,3,3,4,3,2,2,3,3,4,2,4,4,4,5,5,1,4,3,4,4,3,4
2,India,1,2,4,4,4,4,4,3,2,0,30,2,2,1,4,4,4,2,2,4,4,4,1,2,2,2,3,3,3,3,3,3,3,3,3,2,1,3,2,4,3,3,2,5,5,5,5,5,5,5,5,4,4,Good,Good,Good,1,2,2,4,4,2,3,3,2,2,4,3,5,4,5,5,5,4,5,5,5,5,4,5
2,Philippines,2,4,4,4,4,3,3,3,3,0,50,2,3,1,4,4,3,3,3,3,3,3,2,2,2,2,2,2,2,2,2,2,2,2,2,2,2,2,2,1,2,2,2,4,4,4,4,4,4,4,4,4,4,Acceptable,Acceptable,Acceptable,2,2,2,3,3,3,3,3,3,3,3,3,3,3,3,3,3,3,3,3,3,3,3,3
2,Fiji,2,2,4,4,3,4,4,3,2,10,5,2,1,1,4,4,3,4,4,3,3,4,2,2,2,2,3,3,3,3,2,2,3,3,3,1,1,3,2,4,2,2,3,3,4,4,2,1,1,1,2,2,3,Acceptable,Acceptable,Poor,1,1,2,5,5,1,1,1,1,1,4,3,4,4,5,5,5,3,5,5,5,5,5,5
5,Iraq,2,2,3,2,2,4,3,3,2,1,10,1,3,1,4,4,3,4,1,1,4,3,2,3,2,2,3,1,1,1,1,2,1,3,2,3,1,2,2,3,2,2,2,4,3,4,4,3,3,3,3,3,3,Good,Acceptable,Acceptable,1,1,1,3,2,2,1,1,4,3,2,1,2,3,4,5,5,2,3,2,3,5,2,2
3,Italy,1,4,2,2,2,3,3,3,1,0,10,1,1,1,4,3,1,3,1,2,2,2,1,3,3,3,1,1,2,1,3,3,3,1,3,3,1,3,2,5,4,3,3,5,5,5,5,5,5,5,5,4,4,Very good,Very good,Very good,3,3,2,4,4,3,4,3,2,2,5,1,5,5,5,5,5,4,5,5,5,5,4,5
3,Ukraine,1,4,4,4,3,3,4,3,4,10,91,1,3,2,4,4,4,2,2,3,3,4,2,2,2,2,3,1,1,3,2,2,3,2,2,3,1,3,2,4,3,3,3,5,4,5,4,3,4,4,5,4,3,Good,Good,Acceptable,3,3,3,2,2,3,1,1,2,2,4,1,1,3,4,5,4,3,4,4,3,4,3,4
1,Rwanda,2,3,4,4,5,4,4,3,4,15,40,2,3,2,5,3,4,1,3,3,5,4,2,3,2,3,3,3,3,3,1,1,1,1,1,1,1,1,2,5,1,1,1,5,5,5,5,5,5,5,4,3,4,Acceptable,Acceptable,Acceptable,3,2,2,4,4,4,2,1,5,4,4,4,5,4,5,5,5,4,5,5,5,5,5,5
1,Nigeria,1,3,3,4,4,3,3,3,3,95,60,2,2,1,3,3,4,3,3,4,3,4,1,2,2,2,3,3,3,3,2,2,2,3,3,2,3,2,2,4,4,2,4,4,4,4,4,3,4,4,4,4,4,Acceptable,Poor,Poor,2,3,3,4,3,4,5,3,4,3,5,4,5,5,3,3,4,4,5,5,4,4,5,5
2,Vietnam,1,2,3,3,2,3,3,2,1,0,20,2,1,1,3,3,3,2,2,2,3,3,1,3,2,2,3,3,3,3,3,3,3,3,3,3,3,3,1,1,,,,5,4,3,3,3,3,3,2,2,3,Acceptable,Acceptable,Acceptable,3,3,3,4,4,3,2,2,2,2,3,2,2,3,5,5,4,4,4,3,4,4,3,4
1,Uganda,2,3,4,4,4,4,4,4,4,0,70,2,4,2,4,4,2,4,3,4,4,4,2,1,2,2,2,1,2,1,2,2,2,2,2,2,2,2,2,1,1,1,1,4,1,1,5,1,5,1,1,1,1,Very poor,Very poor,Very poor,2,2,2,5,5,5,1,1,4,4,4,4,4,4,4,4,4,4,4,4,4,4,4,4
2,Turkmenistan,1,2,4,2,4,4,4,2,3,0,0,2,1,1,1,1,3,1,1,3,4,5,1,2,3,1,3,1,1,3,1,1,1,1,3,3,1,1,2,2,3,1,2,5,5,5,5,5,4,4,5,3,3,Good,Acceptable,Acceptable,2,2,2,3,2,3,5,5,2,2,3,2,4,4,5,5,4,4,4,4,4,5,5,4
3,1rth Macedonia (Republic of),2,1,4,4,4,4,4,4,4,100,50,2,3,1,3,4,2,4,3,3,4,4,2,3,2,2,1,1,1,1,2,1,2,2,2,2,1,3,2,4,3,3,3,3,3,3,3,3,3,3,3,3,3,Acceptable,Acceptable,Acceptable,3,2,3,2,3,3,1,1,4,3,3,3,3,3,5,5,5,5,5,5,5,5,5,5
5,Iran (Islamic Republic of),2,2,3,3,3,3,3,2,2,100,10,1,2,2,2,3,3,2,2,3,2,3,1,2,1,1,1,1,1,1,1,1,1,1,1,1,1,1,2,2,4,3,4,2,2,2,2,2,2,2,2,2,3,Poor,Poor,Poor,2,2,2,3,3,3,3,3,3,3,3,3,3,3,3,3,3,3,3,3,3,3,3,3
3,Spain,1,1,4,1,4,3,2,1,1,60,0,1,1,1,1,1,1,4,1,2,1,1,1,2,2,1,1,1,1,3,1,1,1,1,1,1,1,3,2,2,1,1,1,1,1,3,2,1,1,2,2,3,2,Poor,Poor,Acceptable,1,1,2,4,4,2,2,2,1,1,4,4,5,4,4,4,4,4,4,4,4,4,4,4
3,Ukraine,2,2,4,5,4,4,4,2,4,10,70,2,3,2,4,4,3,4,3,4,5,4,2,2,2,2,3,2,3,2,2,2,2,2,3,2,3,2,2,4,2,1,2,5,4,3,4,3,4,4,4,3,3,Very good,Very good,Good,2,3,2,5,5,3,1,1,5,4,5,3,4,2,5,5,5,5,5,5,5,4,3,4
1,Tunisie,1,2,2,1,2,2,2,1,1,3,0,1,1,2,2,2,3,1,3,4,2,3,2,3,1,2,3,1,2,1,1,1,3,3,1,2,1,2,2,3,4,2,3,5,4,3,4,4,3,3,3,3,4,Good,Good,Good,2,1,2,4,3,4,4,5,2,2,3,1,2,3,4,4,4,5,4,5,5,4,5,4
2,Philippines,1,3,4,4,4,4,4,2,3,0,50,2,4,1,4,5,3,4,3,3,4,4,1,3,2,2,3,3,3,3,2,2,2,2,1,3,1,3,2,2,1,1,1,5,4,4,4,4,4,4,4,4,2,Good,Good,Good,2,2,2,4,4,4,4,4,4,4,4,3,4,5,5,5,5,5,5,5,5,5,5,5
3,Ireland,1,5,4,3,3,3,3,3,2,19,31,2,2,1,4,3,3,3,3,3,5,4,2,2,2,2,3,2,1,2,3,3,2,3,2,3,3,3,2,3,3,1,3,4,4,5,3,3,3,4,4,5,4,Good,Good,Good,2,1,2,4,4,2,5,4,2,1,4,1,4,2,5,5,5,3,5,5,5,5,3,4
4,Nicaragua,2,3,4,5,3,4,5,1,2,50,80,2,5,1,3,3,4,2,3,4,5,4,1,2,2,2,3,1,1,1,1,1,1,1,1,1,1,1,2,1,2,1,1,5,2,5,5,5,5,5,5,5,5,Good,Good,Good,2,1,1,5,4,3,1,1,1,1,3,3,4,3,5,5,5,3,4,5,5,5,5,5
1,Nigeria,1,5,4,4,4,4,4,3,3,0,60,2,1,1,4,3,3,3,2,3,4,4,2,2,2,2,3,3,3,3,3,3,3,3,3,3,3,3,2,5,4,3,2,4,2,4,3,3,3,4,4,4,4,Acceptable,Acceptable,Poor,3,3,3,4,4,3,4,4,3,3,4,2,4,4,4,4,5,5,4,3,4,4,1,4
6,United States of America,1,2,4,4,3,4,4,4,4,26,60,2,1,1,5,5,3,4,4,4,4,4,2,1,3,3,3,1,3,3,3,3,3,3,3,3,3,3,2,4,3,3,3,4,3,3,4,3,3,4,4,3,3,Acceptable,Acceptable,Acceptable,3,3,3,5,5,5,2,2,2,2,5,4,4,5,5,5,5,5,5,5,5,5,5,5
5,Leba1n,2,2,2,2,1,2,3,3,2,80,1,2,1,1,3,3,4,3,3,3,4,5,1,3,2,2,3,2,3,2,2,2,2,2,1,1,1,2,1,,,,,4,4,4,4,4,4,4,4,3,3,Good,Very good,Good,2,3,3,5,4,4,1,1,2,3,4,2,5,4,5,5,5,5,5,4,4,5,5,4
2,India,2,3,4,2,1,4,2,1,1,0,0,2,2,1,2,3,5,1,2,3,5,4,2,2,2,2,1,1,3,3,3,3,2,3,3,2,1,2,2,1,3,3,3,5,5,5,5,,5,5,3,5,5,Acceptable,Acceptable,Acceptable,1,3,1,2,2,1,1,1,1,1,3,2,5,3,5,5,5,5,5,5,4,5,4,5
3,Ukraine,1,3,4,4,3,4,3,3,2,25,99,2,4,2,4,5,3,3,3,3,4,5,2,2,2,2,3,3,1,2,2,2,3,3,3,3,3,1,2,4,5,3,3,3,5,5,5,3,5,5,5,3,4,Good,Very good,Very good,2,2,3,4,3,1,1,1,5,5,4,2,4,3,3,3,4,2,4,4,4,4,2,3
1,Morocco,2,2,1,3,3,4,3,1,1,0,30,2,3,1,5,5,5,1,4,2,5,4,1,2,2,2,1,1,1,1,2,2,2,1,2,2,1,2,2,2,3,1,3,4,3,2,2,1,2,2,2,3,,Acceptable,Acceptable,Good,1,1,1,5,5,2,1,1,1,1,4,1,1,4,4,5,5,5,4,5,1,5,4,4
3,Ukraine,1,2,3,4,4,3,4,4,1,5,25,2,3,2,4,4,2,4,2,4,5,3,2,3,3,3,3,3,3,2,1,1,3,2,3,1,3,1,2,4,2,1,2,3,2,4,5,4,4,5,5,5,5,Acceptable,Acceptable,Poor,1,1,1,4,4,3,1,1,2,2,3,3,4,4,4,5,4,4,5,3,4,5,3,3
3,Sweden,2,1,2,1,1,2,2,1,2,2,2,2,1,2,2,1,1,2,3,1,1,2,1,1,3,1,3,2,3,1,3,3,1,3,1,2,1,3,1,,,,,4,2,2,2,2,2,2,2,2,2,Poor,Acceptable,Acceptable,1,1,2,2,2,3,1,1,1,1,4,3,3,2,4,4,5,3,3,2,4,4,2,4
2,Indonesia,2,2,3,3,4,4,4,4,4,60,60,2,4,2,4,4,4,3,4,4,3,4,2,2,2,2,2,2,2,2,2,2,2,2,2,2,2,2,2,4,4,4,4,4,4,4,4,4,4,4,4,4,4,Good,Good,Good,2,2,2,5,5,5,5,5,5,5,5,5,5,5,4,4,4,4,4,4,5,4,4,5
2,Papua New Guinea,2,2,4,4,3,3,2,1,2,98,100,2,2,1,3,4,2,1,4,4,5,4,2,2,2,3,2,1,2,2,2,2,2,2,2,2,1,3,2,1,1,1,1,3,2,3,2,4,4,4,3,2,1,Good,Very good,Very good,1,1,1,5,5,1,1,2,2,1,5,1,1,5,5,5,5,5,5,3,5,3,4,5
1,Mauritius,1,2,4,5,2,4,3,3,1,10,50,2,1,1,4,4,2,3,2,2,4,4,2,1,2,2,2,1,2,1,3,3,2,3,2,1,1,3,2,4,3,1,4,4,3,4,3,3,3,4,4,2,1,Acceptable,Acceptable,Acceptable,1,2,2,4,3,3,4,3,2,2,4,1,3,2,5,4,4,4,5,3,3,3,4,4
3,Netherlands,2,1,4,3,3,3,4,3,3,20,30,1,3,2,4,4,3,3,3,4,4,3,2,2,2,3,3,2,1,2,2,2,2,2,2,3,3,2,2,3,2,2,3,3,4,4,4,4,4,4,4,2,2,Acceptable,Acceptable,Acceptable,3,3,2,3,4,3,3,3,3,3,3,3,3,4,4,4,4,4,4,4,4,4,4,4
2,Japan,2,5,3,3,3,2,4,4,3,14,40,2,1,1,4,5,3,2,4,4,5,3,2,2,2,3,2,1,2,1,1,3,3,2,1,2,1,3,2,3,1,2,2,3,3,3,4,3,4,4,5,3,3,Acceptable,Acceptable,Acceptable,1,2,2,3,3,4,3,2,4,4,3,4,5,4,3,3,3,4,3,2,5,3,5,5
2,Indonesia,2,2,4,4,4,4,4,4,4,20,50,2,2,2,3,3,3,3,3,3,3,3,2,2,2,2,3,3,3,3,3,3,3,3,3,3,3,3,2,3,4,4,4,4,4,4,4,4,4,4,4,4,4,Good,Good,Good,3,3,3,4,4,4,4,4,4,4,4,4,4,4,5,5,5,5,5,5,5,5,5,5
1,Zambia,2,3,5,4,4,4,4,3,3,77,86,2,1,1,4,4,4,4,4,4,4,4,2,2,2,2,2,3,3,2,2,2,3,2,2,3,1,2,2,5,1,3,4,5,5,5,5,5,5,5,5,5,5,Very good,Very good,Very good,2,2,2,5,5,5,1,1,1,1,1,4,5,3,5,5,5,3,3,3,3,3,3,3
3,Ukraine,1,3,3,4,4,3,2,3,3,10,100,2,3,2,4,3,4,2,3,4,4,3,2,2,2,2,2,2,1,2,2,2,1,2,3,3,3,2,2,3,4,3,4,5,4,4,4,4,4,4,4,4,4,Good,Good,Good,2,2,2,4,4,4,1,4,5,5,5,3,3,3,4,4,4,3,4,4,3,3,3,4
2,Timor-Leste,2,1,4,3,4,5,5,4,4,50,50,2,3,1,3,4,4,4,3,4,4,5,1,2,2,2,2,3,3,3,1,1,1,1,1,1,1,1,1,,,,,3,4,3,4,3,3,3,3,4,3,Very good,Very good,Very good,2,2,2,4,3,4,3,3,3,3,4,3,4,3,3,4,3,4,3,4,3,4,4,4
6,United States of America,1,3,3,4,3,4,1,3,3,11,21,2,1,2,4,3,5,1,2,2,5,3,2,2,2,2,3,3,3,1,2,2,3,3,1,3,3,2,2,3,2,1,3,4,3,3,3,4,3,3,3,3,1,Good,Good,Acceptable,1,1,2,4,4,1,3,4,1,1,5,3,5,2,5,5,5,2,3,3,4,1,3,4
3,Italy,2,2,4,3,4,4,4,3,4,0,30,2,1,1,3,3,4,3,3,4,4,4,,3,3,2,3,3,3,3,2,2,3,3,3,3,2,2,1,,,,,5,4,4,4,4,3,4,4,4,3,Good,Good,Acceptable,3,3,3,4,4,2,3,3,3,3,3,2,5,3,4,5,4,4,4,4,3,4,3,3
3,Finland,1,3,3,4,3,3,4,3,2,20,63,2,1,1,4,4,1,3,2,2,3,2,1,2,2,2,2,1,1,3,2,2,2,2,3,3,1,2,2,2,3,4,1,4,2,3,2,2,2,3,3,2,4,Good,Good,Good,2,2,2,4,4,4,2,1,2,1,2,1,1,2,5,5,5,2,4,5,5,5,4,4
6,United States of America,2,1,1,1,5,3,2,1,1,0,0,2,1,1,2,3,4,2,2,3,5,2,1,2,2,2,2,1,2,2,2,2,2,2,2,1,1,2,1,,,,,3,1,3,4,1,2,3,4,5,4,Very good,Very good,Very good,1,1,1,5,4,1,1,1,2,2,3,1,2,1,5,5,5,4,3,3,3,5,3,3
2,Cambodia,1,2,3,3,4,3,2,2,2,50,30,1,2,2,3,2,4,3,4,2,4,3,2,3,3,3,3,3,3,3,3,3,3,3,3,3,3,3,2,1,1,1,1,3,3,3,4,3,3,3,3,3,3,Acceptable,Acceptable,Acceptable,3,3,3,4,4,4,5,5,5,5,3,3,5,5,5,5,5,5,5,5,5,5,5,5
3,Bulgaria,1,2,3,5,4,5,5,5,1,10,30,2,4,1,4,5,5,2,4,4,5,4,2,2,2,2,1,1,1,1,3,3,3,3,3,1,1,1,2,5,1,1,1,4,4,4,4,4,4,4,4,4,4,Good,Good,Good,2,3,3,4,4,3,3,3,4,3,3,3,3,3,4,5,5,5,5,5,5,5,5,5
3,Ukraine,1,2,3,4,3,3,4,4,3,40,58,2,4,2,3,3,3,3,3,3,4,4,2,3,2,2,2,3,3,2,2,3,3,3,3,3,1,3,2,3,2,2,2,1,3,3,3,3,4,4,4,4,4,Poor,Poor,Acceptable,1,3,3,4,3,3,3,3,3,3,3,3,4,4,4,4,4,4,4,4,4,4,4,4
3,Greece,1,2,4,4,3,4,3,2,2,0,10,2,1,1,4,3,2,3,2,3,4,4,2,2,2,2,3,3,3,2,3,3,2,3,3,2,3,3,2,5,3,3,3,5,3,4,4,3,4,2,2,4,4,Good,Very good,Very good,3,3,3,4,4,3,5,3,3,3,4,1,3,1,4,4,4,3,4,3,3,3,3,3
3,United Kingdom,1,5,3,3,3,2,2,2,1,100,100,2,5,2,3,3,1,1,4,4,4,4,2,2,2,2,2,2,2,2,2,2,2,2,2,2,1,2,2,3,3,3,3,5,4,4,5,5,5,4,5,5,5,Very good,Very good,Very good,2,2,2,4,2,2,3,3,4,4,2,2,4,2,5,5,5,3,4,3,4,4,3,3
1,Tanzania,2,2,2,2,2,3,4,1,1,0,0,2,1,1,3,3,3,3,2,2,3,3,1,1,2,2,1,1,1,3,1,1,3,1,3,3,1,3,2,5,2,1,1,5,2,3,3,3,3,3,2,3,3,Acceptable,Acceptable,Acceptable,1,1,1,4,4,2,1,1,1,1,4,1,1,2,5,5,5,1,5,3,3,3,3,3
3,Bulgaria,1,2,4,4,3,4,5,3,3,10,22,2,3,1,4,4,2,3,2,1,5,4,2,2,2,2,1,1,1,1,2,2,1,3,3,1,1,2,2,5,1,1,2,4,4,5,4,4,4,3,4,3,4,Good,Good,Good,1,1,1,4,4,2,5,4,3,3,2,2,2,3,5,5,5,2,4,4,2,1,2,1
5,Iraq,2,5,4,3,4,4,2,3,2,78,15,2,3,1,5,3,4,2,3,4,5,5,2,2,2,3,2,3,2,2,2,2,2,3,1,3,1,2,2,4,3,1,2,2,2,1,3,3,3,4,2,4,4,Acceptable,Poor,Poor,2,1,2,4,2,4,1,1,2,2,2,2,3,3,3,3,3,4,4,3,3,2,4,2
6,United States of America,2,2,1,4,5,3,3,4,4,25,35,2,1,2,5,5,3,2,4,3,5,4,2,3,1,2,3,3,2,2,2,3,2,2,2,2,1,2,1,,,,,5,5,3,4,4,4,5,5,4,4,Acceptable,Acceptable,Acceptable,1,1,3,4,4,4,1,1,1,1,5,1,5,1,5,5,5,2,4,4,5,5,3,4
4,Haiti,2,2,4,4,5,3,5,3,2,100,100,1,1,1,,2,3,4,5,2,3,2,1,1,1,1,3,3,3,3,3,3,3,3,3,3,3,3,1,,,,,4,4,4,4,4,4,4,4,4,4,Acceptable,Acceptable,Acceptable,3,3,3,3,3,3,3,3,3,3,3,3,3,3,3,3,3,3,3,3,3,3,3,3
3,Russian Federation,2,2,5,5,3,5,5,4,4,91,53,2,2,1,1,3,3,3,1,1,1,1,2,2,1,2,2,1,1,1,1,1,1,1,2,1,1,1,2,1,5,5,5,4,4,3,3,3,3,3,3,1,1,Very good,Very good,Good,1,1,1,1,1,1,1,1,1,1,1,1,1,1,4,3,3,3,3,4,3,3,3,3
2,Pakistan,1,2,1,2,1,4,4,5,3,50,0,2,1,1,2,1,2,1,2,1,2,1,1,2,2,1,2,1,1,1,1,2,2,2,2,1,1,1,2,2,2,2,2,2,2,3,3,,2,2,3,3,3,Poor,Poor,Acceptable,2,2,1,2,3,2,3,2,2,2,3,3,3,3,2,3,2,3,2,3,2,3,2,2
1,Malawi,1,4,3,2,4,2,2,2,3,80,30,2,2,1,3,3,3,3,2,3,3,3,2,2,2,2,1,1,1,2,2,2,1,1,2,3,3,1,2,4,2,1,2,3,2,2,3,3,1,3,2,3,4,Poor,Poor,Acceptable,1,1,1,4,5,2,2,2,4,4,5,4,5,5,5,5,4,5,4,4,5,3,2,5
4,Colombia,1,3,4,4,4,4,4,4,4,30,70,2,3,1,3,4,3,3,3,4,3,4,2,2,2,2,3,2,2,3,3,3,3,2,2,3,3,2,2,2,4,4,5,5,4,5,5,5,4,4,4,4,5,Good,Good,Good,2,2,2,4,5,4,5,4,5,4,4,4,4,4,4,5,5,4,5,4,5,4,4,5
4,Brazil,2,3,5,5,5,5,4,5,5,7,24,2,1,1,2,4,2,4,1,5,5,5,2,2,2,2,2,1,1,2,3,3,3,3,2,1,2,2,2,4,4,2,4,5,5,5,5,5,5,4,4,4,2,Very good,Very good,Very good,1,1,2,3,3,4,1,1,1,2,4,4,5,4,4,4,3,4,5,4,4,4,4,3
3,Albania,2,1,4,1,4,4,4,1,2,97,0,2,1,1,5,5,3,3,1,2,3,4,1,2,2,2,1,1,1,1,2,1,1,1,1,2,1,2,2,4,3,1,2,5,5,4,4,4,4,4,4,4,4,Good,Good,Good,2,1,1,4,4,4,1,1,4,1,4,4,5,4,5,5,4,4,4,4,4,4,4,4
6,United States of America,2,1,3,4,3,2,2,1,2,0,98,2,2,2,4,3,1,4,2,2,3,2,1,3,3,2,2,3,1,2,2,2,2,2,2,3,1,3,1,,,,,5,5,3,3,2,2,3,3,3,1,Good,Good,Good,1,1,2,4,2,1,1,1,4,4,5,1,3,1,3,3,3,3,4,3,3,3,4,4
3,Ukraine,1,3,3,1,4,4,5,3,2,0,0,2,2,2,5,5,5,3,3,3,3,5,2,2,2,2,3,3,3,1,2,2,1,2,2,2,1,2,2,5,2,2,2,4,4,4,4,4,4,4,4,5,5,Good,Good,Good,3,3,2,3,3,3,3,3,5,1,1,5,4,4,5,5,5,3,4,3,3,5,3,3
2,Australia,1,6,4,3,3,3,3,4,3,83,86,2,5,2,4,3,4,1,3,2,3,4,2,2,2,2,2,2,1,2,2,2,2,2,2,2,2,2,2,5,4,2,4,5,5,4,4,3,4,4,4,4,5,Good,Good,Good,2,2,2,5,4,2,4,3,4,1,3,4,2,3,5,5,5,3,5,4,5,4,5,4
2,Maldives,2,1,4,4,3,4,4,4,3,5,57,2,4,1,4,4,2,4,3,2,4,4,2,2,2,2,3,3,3,3,3,2,1,2,1,2,1,1,2,1,1,1,2,4,4,4,4,4,4,4,3,3,4,Very good,Very good,Very good,1,2,2,5,4,2,1,1,3,3,5,3,5,4,5,5,5,5,5,5,4,5,2,4
6,Canada,1,5,2,1,3,1,1,1,3,4,9,2,1,1,3,2,2,1,1,2,1,2,1,2,2,2,2,3,2,1,2,2,2,2,2,2,2,3,2,4,4,3,4,5,5,5,5,,5,5,4,4,5,Very good,Very good,Very good,2,3,2,5,5,4,4,1,4,1,3,1,1,1,5,5,5,3,4,3,5,3,3,4
1,Namibia,2,4,4,4,3,4,4,3,3,45,100,2,1,1,4,4,2,4,4,3,5,5,2,2,2,2,3,3,3,2,2,2,3,3,1,3,1,3,2,4,3,1,5,4,3,5,5,3,4,4,4,4,4,Good,Good,Good,3,3,3,4,4,1,1,1,5,3,4,2,5,5,5,5,5,5,5,4,5,5,5,5
2,Pakistan,2,4,3,3,5,4,3,2,3,100,10,2,2,1,3,3,3,2,2,3,4,4,1,2,2,2,2,2,2,3,2,2,3,2,3,2,3,3,2,3,4,3,5,3,3,3,4,4,4,4,4,4,4,Acceptable,Acceptable,Acceptable,2,2,2,4,4,2,1,1,4,4,5,4,5,4,4,4,4,4,4,4,4,4,4,4
1,South 1,1,5,4,5,3,4,5,4,3,30,60,2,3,1,4,4,4,1,3,3,3,4,2,2,2,2,3,2,3,2,2,2,3,2,2,2,1,2,2,5,3,3,4,5,5,4,4,5,5,5,5,5,5,Good,Good,Poor,2,3,2,5,5,2,4,4,5,5,5,2,5,3,4,2,5,2,5,4,5,4,1,3
1,Kenya,1,2,2,3,3,2,2,1,1,3,8,2,1,2,3,3,4,1,1,2,4,4,2,3,2,2,1,3,1,3,3,3,3,2,3,1,1,3,2,2,2,1,2,3,3,4,2,1,1,2,2,2,3,Very poor,Very poor,Poor,2,1,2,4,4,3,4,2,2,2,5,4,5,5,5,5,5,5,5,5,5,5,5,5
1,Mauritius,1,4,4,4,3,4,4,4,3,100,50,2,4,2,3,3,3,3,4,4,5,5,2,2,2,2,3,3,2,2,2,2,2,2,1,2,2,2,2,2,5,1,5,5,4,5,4,,5,5,5,1,2,Good,Good,Good,1,2,2,4,2,4,5,5,4,4,2,2,2,2,5,5,5,4,5,4,5,5,5,5
1,Zimbabwe,2,3,4,3,4,4,3,3,2,0,30,2,2,1,4,4,3,3,2,2,3,4,1,2,2,2,3,1,1,3,1,1,3,1,2,3,1,3,2,2,2,3,4,5,3,5,4,3,4,3,3,2,4,Acceptable,Acceptable,Good,3,2,2,4,2,4,1,1,2,2,4,4,5,4,5,5,5,4,4,4,4,5,4,4
3,Lithuania,1,3,4,4,4,4,3,2,4,15,52,2,2,2,5,4,3,3,2,3,4,2,2,2,2,2,2,1,1,1,2,2,3,2,2,2,1,2,2,5,3,5,2,4,3,3,3,3,3,4,4,3,3,Acceptable,Acceptable,Acceptable,3,3,2,5,4,1,4,4,4,4,5,1,1,2,4,5,5,3,5,2,4,3,3,4
4,Colombia,2,3,5,3,3,4,2,3,2,10,20,1,2,1,2,4,4,1,2,2,4,4,1,2,2,2,2,3,1,2,2,2,2,3,2,2,1,2,2,3,5,3,5,5,5,3,4,4,5,4,4,4,3,Very good,Good,Very good,1,1,1,5,5,1,1,1,4,2,4,2,4,2,5,5,5,4,5,4,3,2,5,4
4,Mexico,1,6,5,5,5,5,5,5,5,50,75,2,5,2,5,5,5,1,5,5,5,5,2,2,2,2,1,1,1,1,1,1,1,1,1,1,1,2,2,5,3,3,3,5,,4,3,1,3,4,2,,3,Poor,Very poor,Very poor,2,2,2,5,4,4,2,2,2,2,2,2,2,2,5,5,5,5,5,5,5,5,5,5
1,South 1,2,2,3,3,3,4,2,1,1,80,100,2,1,2,4,4,1,5,3,3,3,3,2,2,2,2,3,2,1,2,2,2,2,2,3,2,1,2,2,2,1,1,3,5,4,5,3,3,3,5,5,5,2,Acceptable,Acceptable,Acceptable,1,3,2,5,5,4,1,1,2,2,5,1,4,2,5,5,5,5,5,5,4,4,4,4
3,Georgia,1,4,2,1,2,2,3,2,2,0,0,2,1,2,4,3,3,2,3,4,3,5,2,1,3,3,3,1,3,3,3,3,3,3,3,2,3,2,2,3,1,1,1,4,3,4,4,4,4,4,4,4,3,Good,Acceptable,Acceptable,3,3,3,3,2,3,1,1,3,3,3,4,4,4,4,5,4,4,5,4,4,5,4,4
2,Bangladesh,2,3,4,4,3,4,4,2,3,0,11,2,1,1,3,2,3,3,1,1,1,1,1,1,2,2,3,3,3,3,3,3,3,3,2,3,3,2,2,4,2,1,2,2,2,2,2,2,2,3,2,2,2,Acceptable,Acceptable,Acceptable,3,3,2,1,1,4,1,1,4,4,5,1,4,4,4,4,4,4,5,5,5,5,4,4
1,Uganda,1,2,5,5,2,3,4,2,1,100,20,2,1,1,4,4,3,3,4,4,5,5,2,2,2,2,2,2,2,2,2,2,2,2,1,2,2,2,2,5,3,5,5,5,4,5,4,4,4,5,4,4,4,Good,Good,Good,3,3,2,4,4,2,2,1,1,2,4,5,5,4,4,4,4,3,4,4,4,4,4,4
3,Spain,1,4,4,4,3,3,4,4,3,5,30,2,3,2,4,4,4,2,3,5,4,4,2,2,2,2,1,3,1,2,2,3,2,3,2,2,2,2,2,4,5,3,4,5,4,5,4,4,4,4,4,3,4,Good,Good,Very good,2,2,3,4,3,3,4,2,1,1,5,2,5,5,5,5,5,4,5,4,5,3,4,5
1,Uganda,2,2,4,4,3,3,4,4,2,20,50,1,1,1,4,3,1,4,4,4,3,4,2,2,2,2,3,3,3,3,3,3,3,3,3,3,3,3,2,4,1,1,2,4,2,2,4,4,4,5,4,5,4,Poor,Poor,Poor,2,1,2,5,4,3,1,1,1,2,1,5,5,4,5,5,5,5,5,5,5,5,5,5
4,Colombia,2,5,4,4,4,4,4,4,3,40,70,2,4,2,4,4,3,2,3,4,5,5,2,3,2,2,2,3,1,2,2,2,1,2,1,2,1,2,2,4,5,5,5,5,4,5,5,4,4,5,4,4,4,Very good,Very good,Very good,2,2,3,4,1,2,1,1,4,4,5,1,4,3,5,5,5,4,3,5,4,5,2,4
2,India,2,2,5,4,2,4,4,4,4,55,70,2,4,2,4,4,5,1,4,4,4,5,2,2,2,2,2,2,2,2,2,2,3,2,3,2,2,2,2,4,4,4,4,5,5,5,5,5,5,5,5,5,5,Very good,Very good,Very good,3,2,2,5,2,5,1,1,2,4,4,4,5,2,5,5,5,4,4,4,4,4,4,4
2,Malaysia,2,1,3,3,2,2,2,3,2,0,10,2,2,2,4,2,1,2,2,2,2,3,2,3,3,2,3,3,3,2,3,3,2,3,3,2,3,3,2,2,1,1,2,4,4,3,3,3,3,3,3,3,3,Acceptable,Acceptable,Acceptable,3,1,1,4,4,3,1,1,2,2,4,3,3,3,3,4,4,3,5,4,3,3,3,3
3,United Kingdom,1,4,4,3,3,3,3,3,2,10,20,2,3,1,3,4,3,4,,2,4,4,1,2,3,2,2,2,3,3,2,2,2,2,2,2,3,3,2,4,5,4,4,5,5,5,4,5,3,4,4,4,4,Very good,Very good,Very good,2,2,2,5,5,4,1,1,4,4,5,4,5,4,5,5,5,4,4,4,5,4,5,4
4,Mexico,2,3,5,5,4,4,2,3,3,80,90,2,3,1,4,4,3,3,3,1,4,4,2,1,2,2,3,3,1,1,2,2,1,2,1,1,1,2,2,3,1,1,2,4,1,3,4,4,4,5,5,4,4,Acceptable,Acceptable,Acceptable,2,2,1,4,4,1,1,1,1,1,4,1,2,1,4,5,5,3,4,4,3,4,5,4
1,Angola,2,2,2,1,4,4,3,2,2,0,0,2,2,1,2,3,3,2,2,3,4,4,1,2,3,2,1,3,3,1,2,3,1,2,3,3,1,1,2,2,2,1,3,4,3,3,3,3,3,4,4,4,4,Poor,Acceptable,Acceptable,1,1,1,5,5,2,1,1,2,2,4,3,5,3,4,5,5,2,5,3,3,5,4,4
1,Kenya,1,4,3,3,3,4,3,2,2,80,40,2,1,1,4,4,3,3,3,3,2,5,2,2,2,2,1,1,1,1,2,2,2,1,1,3,1,2,2,5,2,2,2,5,5,5,5,5,5,5,5,5,5,Acceptable,Good,Good,1,1,1,5,3,4,3,3,4,4,4,3,4,4,5,5,5,3,5,5,5,5,5,5
1,Somalia,2,2,3,3,3,2,3,4,1,31,12,2,2,1,4,4,4,4,4,4,4,4,2,2,2,2,2,2,2,2,2,2,2,2,2,1,1,2,2,4,3,5,4,3,4,5,4,4,3,3,3,3,2,Poor,Poor,Poor,2,2,2,3,3,3,2,2,2,2,5,4,2,4,4,5,5,4,4,4,4,4,4,5
2,Malaysia,1,4,4,4,3,4,5,4,4,100,98,2,3,2,4,4,3,3,2,3,3,4,1,2,2,2,3,3,3,2,2,3,3,3,3,2,2,2,2,5,5,3,4,5,5,4,5,5,4,4,4,4,3,Good,Good,Good,2,2,2,5,5,4,3,3,3,4,5,3,5,4,5,5,5,4,5,5,5,5,5,5
3,Latvia,2,1,2,2,2,3,4,2,2,100,5,2,2,1,4,4,3,3,3,4,3,3,2,1,2,1,3,3,3,3,2,3,1,3,3,1,1,3,1,,,,,4,3,5,3,5,3,3,4,3,4,Acceptable,Acceptable,Acceptable,3,3,3,3,3,3,1,1,1,1,3,1,2,2,3,4,4,4,5,3,3,3,5,3
1,Djibouti,1,4,3,2,4,3,4,3,2,10,20,1,1,1,2,3,4,2,2,4,4,5,1,2,2,2,3,3,1,1,2,2,2,3,2,1,1,1,2,5,2,2,3,5,5,5,4,3,3,3,2,2,3,Good,Acceptable,Poor,3,1,1,5,5,4,2,2,2,2,5,5,5,4,5,4,4,3,4,3,4,3,4,4
3,Slovenia,1,3,4,4,2,4,4,4,3,0,3,2,1,2,3,2,1,1,2,2,2,2,1,2,2,2,2,2,1,3,2,2,1,3,2,3,1,2,2,4,4,4,4,5,5,4,4,4,4,4,4,4,5,Acceptable,Acceptable,Very good,2,3,3,5,4,2,5,5,4,4,4,1,1,2,5,5,5,3,4,4,3,2,4,4
6,United States of America,2,1,4,3,4,2,2,1,2,10,10,2,2,1,2,4,3,1,2,,4,4,2,1,1,2,2,1,2,2,2,2,3,3,3,3,3,2,1,,,,,4,3,3,3,3,3,2,2,1,1,Poor,Poor,Acceptable,2,1,2,4,4,1,1,1,2,2,5,3,3,5,4,4,5,4,4,2,2,2,4,4
2,New Zealand,1,4,4,4,5,4,4,3,3,65,85,2,4,2,5,3,1,5,3,3,4,5,2,2,2,3,2,2,2,3,2,3,3,2,2,3,3,2,2,3,3,5,5,5,5,3,3,4,3,5,5,5,4,Poor,Poor,Acceptable,2,3,2,5,5,5,1,4,1,1,5,5,5,5,5,5,5,5,5,5,5,5,3,5
4,Bolivia (Plurinational State of),2,4,5,5,3,4,4,4,4,20,45,2,3,1,4,4,3,3,4,4,4,5,2,2,2,3,3,1,1,2,2,2,3,2,2,2,1,2,2,5,2,1,2,4,4,5,4,5,5,4,3,4,3,Good,Very good,Good,1,1,2,4,4,3,1,1,3,2,4,3,4,3,5,5,4,4,5,4,3,4,4,4
1,South Sudan,1,5,1,2,3,2,2,1,1,1,1,2,2,1,4,4,3,3,3,2,3,4,1,3,3,2,3,2,3,3,3,3,3,3,3,3,3,3,2,3,2,1,4,2,2,2,2,2,2,2,2,2,3,Acceptable,Acceptable,Acceptable,1,1,1,5,4,4,1,1,2,2,5,4,4,4,2,2,2,2,2,2,2,2,2,2
2,Bangladesh,2,3,4,4,5,3,2,2,2,100,25,2,1,1,3,2,3,4,2,3,4,3,2,2,2,2,1,2,1,2,2,2,2,2,2,1,1,2,2,1,2,2,2,4,4,3,4,3,3,3,3,3,3,Acceptable,Acceptable,Poor,1,1,1,3,3,3,3,3,3,3,3,3,3,3,3,3,3,3,3,3,3,3,3,3
3,Poland,1,1,4,4,4,2,4,1,3,0,75,1,3,2,5,2,1,4,1,1,2,2,2,1,1,3,1,1,1,3,3,3,2,3,1,1,1,2,2,3,2,1,1,5,4,5,4,3,4,5,2,2,2,Acceptable,Acceptable,Acceptable,3,3,2,4,3,1,4,4,4,2,3,1,2,3,5,5,5,5,4,4,3,2,3,3
4,Venezuela (Bolivarian Republic of),2,3,5,5,3,4,2,3,1,3,10,2,3,2,4,5,5,1,4,4,4,4,2,2,2,2,2,2,2,2,2,2,2,2,2,2,2,2,2,2,3,4,4,4,4,4,4,4,4,3,3,3,4,Good,Good,Good,1,1,2,4,4,2,1,1,3,4,4,3,3,4,3,4,3,2,2,2,3,4,4,3
2,India,2,2,4,4,3,4,4,4,2,10,10,2,3,2,4,4,4,1,3,4,4,4,2,2,2,2,2,2,2,2,2,2,2,2,2,2,2,2,2,4,3,4,3,4,4,4,5,5,5,4,5,5,5,Very good,Very good,Very good,2,2,2,4,4,2,1,1,1,2,1,1,1,1,5,5,5,2,2,2,2,2,2,1
3,Cyprus,2,1,2,3,4,4,4,3,1,0,20,2,1,2,4,4,1,5,4,4,4,4,2,3,2,2,3,3,3,3,2,3,3,3,3,2,1,2,2,5,1,1,4,1,1,4,2,2,2,3,3,3,1,Poor,Poor,Poor,3,3,3,4,3,1,1,1,3,2,4,1,2,2,4,4,4,4,4,4,4,4,4,4
3,Albania,2,1,3,4,4,3,4,3,2,10,30,1,2,2,4,4,3,3,4,4,4,4,2,2,2,2,3,3,2,1,2,2,1,2,1,3,1,3,2,3,3,3,3,3,3,3,3,3,3,3,3,3,3,Acceptable,Acceptable,Acceptable,2,3,3,3,3,3,3,3,3,3,3,3,3,3,3,3,3,3,3,3,3,3,3,3
3,Bulgaria,1,2,4,3,2,3,4,3,3,10,60,2,2,1,3,3,3,2,2,2,3,3,2,2,2,2,2,3,2,3,2,3,1,3,3,1,1,1,2,2,3,2,2,4,2,3,3,4,4,3,3,4,4,Poor,Acceptable,Good,2,2,3,3,3,2,4,4,4,4,4,3,1,1,4,4,4,3,3,3,4,4,4,4
3,Germany,2,5,2,4,3,4,2,2,3,5,49,1,1,2,4,4,2,3,2,2,4,3,2,2,2,2,2,2,2,3,2,2,2,2,1,2,1,2,2,4,4,2,4,4,4,4,4,3,3,4,4,4,2,Acceptable,Acceptable,Acceptable,1,1,1,2,4,1,1,1,4,4,4,1,1,1,4,4,4,3,4,4,4,4,3,4
3,Switzerland,1,4,3,3,4,4,3,3,4,2,4,2,2,2,5,3,4,2,2,2,2,2,1,2,2,2,2,2,1,3,2,3,2,2,1,3,3,2,2,3,5,3,5,4,4,4,4,4,4,2,2,2,4,Acceptable,Good,Good,3,3,2,4,4,2,4,4,1,1,4,2,2,2,5,5,5,1,5,2,4,4,4,4
3,Belarus,2,1,4,4,4,4,4,4,4,21,27,2,2,2,4,4,3,4,4,5,4,4,2,2,2,2,2,2,2,2,2,3,2,2,2,2,2,2,2,4,4,4,4,4,4,4,4,4,4,4,4,4,4,Good,Acceptable,Good,2,2,2,4,3,4,4,4,3,4,4,4,3,4,4,3,3,4,4,4,4,4,4,4
3,Austria,1,3,2,3,3,3,2,4,3,25,35,2,1,1,4,4,3,1,2,3,3,3,2,2,2,2,2,2,2,1,2,3,3,2,1,3,3,2,2,4,4,1,1,3,3,5,5,5,3,3,3,4,1,Good,Good,Good,2,2,2,1,4,1,2,3,3,3,4,1,4,2,4,5,4,3,4,4,5,4,4,3
3,Finland,1,4,4,2,1,2,2,1,1,20,20,2,2,2,1,1,3,1,1,1,1,1,,2,2,2,2,1,1,2,2,2,1,1,1,2,2,2,2,2,3,4,4,5,4,4,4,3,3,4,4,3,3,Good,Good,Very good,1,1,2,1,1,1,1,1,2,1,2,1,1,1,5,4,4,2,4,4,4,1,2,2
4,Colombia,2,3,5,5,4,4,4,4,3,0,19,2,3,2,4,4,3,3,3,4,4,4,2,2,2,2,2,2,2,2,2,2,3,2,2,2,2,2,2,2,5,3,5,5,5,5,5,4,4,5,5,3,3,Acceptable,Acceptable,Good,1,1,2,4,2,1,1,1,5,1,4,1,3,1,5,5,5,5,5,2,5,5,4,4
3,Belgium,1,1,3,4,4,4,3,3,3,1,15,2,1,1,3,5,4,2,3,4,4,4,2,2,2,2,2,2,2,3,2,2,2,2,2,2,1,2,2,4,5,3,3,4,4,4,3,2,4,4,4,4,4,Acceptable,Acceptable,Acceptable,2,3,2,4,4,2,3,3,2,3,5,2,3,2,5,5,5,4,4,4,4,3,1,3
1,Ghana,1,6,5,5,5,5,5,5,4,52,65,2,4,1,5,3,4,4,3,5,5,5,2,2,2,2,2,2,2,2,2,2,2,2,1,2,1,2,2,5,2,4,4,5,5,5,5,3,4,5,5,5,5,Good,Good,Good,1,1,1,4,1,1,4,4,4,4,3,5,5,3,4,5,5,5,5,5,5,5,4,4
2,Philippines,2,5,5,5,4,5,5,5,4,10,30,2,3,2,3,3,4,3,2,3,5,3,2,2,2,2,3,3,2,2,2,2,3,2,2,2,2,2,2,5,3,2,3,5,4,4,4,4,4,5,5,5,3,Very good,Very good,Very good,2,2,2,5,5,1,1,1,4,4,2,1,1,2,5,5,5,4,5,5,5,5,2,4
3,Belgium,1,5,4,3,4,2,3,3,2,0,1,2,3,2,1,1,1,1,1,1,1,1,1,2,2,2,2,2,2,2,2,2,2,2,2,2,1,2,2,1,4,3,3,5,4,3,3,5,1,2,2,1,3,Acceptable,Acceptable,Poor,3,3,3,3,3,3,3,3,3,3,3,3,3,3,3,3,3,3,3,3,3,3,3,3
3,Romania,2,1,3,4,2,2,4,3,1,10,50,2,1,1,3,3,2,3,1,2,4,4,1,3,3,2,3,3,3,1,1,1,3,3,3,2,1,3,1,,,,,1,3,4,4,3,4,3,3,3,3,Good,Good,Good,1,1,2,4,4,1,1,1,1,1,4,1,1,2,5,5,5,4,4,4,4,5,3,3
2,Malaysia,1,5,3,3,4,2,4,4,1,10,10,2,2,2,4,4,3,4,4,4,4,4,2,2,2,2,2,2,1,2,2,2,2,2,2,2,2,2,2,2,3,5,5,5,5,5,4,3,,5,5,5,5,Acceptable,Acceptable,Acceptable,3,3,2,4,3,4,3,3,4,4,4,3,4,4,5,5,5,3,4,4,5,4,4,5
3,Moldova,1,3,3,4,4,3,4,4,2,0,5,2,3,1,4,4,3,4,4,4,4,4,2,2,2,2,3,3,1,3,2,1,3,3,2,1,1,3,2,5,2,3,3,4,4,3,4,3,4,4,4,4,4,Acceptable,Acceptable,Good,3,2,1,5,5,4,2,1,4,4,4,3,2,3,4,4,4,3,4,4,4,4,4,4
3,Netherlands,1,5,3,4,4,4,3,3,1,4,6,2,1,1,3,2,1,4,3,3,1,1,2,2,1,2,2,3,2,2,2,2,2,2,2,2,1,2,2,4,4,4,4,5,2,3,3,3,2,2,4,3,4,Good,Good,Good,1,3,2,5,4,1,2,2,2,2,4,2,1,2,5,5,5,4,5,5,5,4,3,3
3,Romania,1,1,2,3,4,4,3,2,3,5,80,2,1,1,3,4,3,1,1,3,4,3,2,1,3,2,3,3,1,1,2,2,3,3,3,1,1,3,2,4,2,1,1,1,1,2,3,1,1,1,3,4,1,Acceptable,Acceptable,Acceptable,2,1,2,4,3,2,5,5,2,2,5,3,5,4,5,5,5,4,4,5,5,5,5,4
2,Thailand,2,4,4,3,3,4,4,4,4,20,20,2,3,1,4,4,3,3,2,3,3,4,2,2,2,2,1,2,2,2,2,2,2,2,2,2,2,2,2,3,2,2,2,3,3,3,3,3,3,3,3,3,3,Acceptable,Acceptable,Acceptable,2,2,2,4,4,4,2,2,2,2,4,4,3,3,4,4,4,4,4,4,4,4,4,4
3,Romania,1,4,4,4,3,5,4,4,4,100,30,2,2,1,4,4,5,2,2,3,3,3,2,2,2,2,3,3,3,3,3,3,3,3,3,3,3,3,2,4,2,2,2,5,5,5,3,3,3,4,4,4,4,Good,Good,Good,2,1,3,2,2,1,4,4,4,4,2,1,1,2,5,5,5,3,5,4,5,4,4,4
2,Australia,1,5,4,5,3,3,3,3,2,10,10,2,1,2,4,3,3,3,2,2,3,2,1,2,2,2,3,2,1,1,2,3,2,2,3,2,1,2,2,3,4,5,3,3,3,3,3,3,3,3,3,3,3,Poor,Poor,Poor,2,3,2,3,3,2,1,1,2,2,5,3,3,3,5,5,5,3,5,4,5,5,5,4
3,Germany,1,5,3,4,4,4,2,4,3,1,20,2,2,2,3,2,4,1,2,5,5,4,2,2,2,2,2,3,1,2,2,2,3,2,1,2,1,2,2,3,4,3,2,4,3,4,3,1,4,4,4,3,4,Acceptable,Good,Good,2,3,2,4,4,1,4,4,2,3,5,3,3,4,5,5,5,4,4,3,5,3,4,4
2,Malaysia,2,2,4,2,3,3,3,4,3,33,30,2,2,1,3,3,3,3,2,2,3,4,2,2,2,2,2,3,1,2,2,2,2,2,2,2,1,2,2,4,3,3,3,4,3,3,3,3,3,4,4,4,3,Good,Good,Good,2,2,2,5,3,3,3,3,3,3,4,4,4,5,5,5,5,3,4,4,4,4,4,5
2,Malaysia,2,1,4,4,3,2,5,4,1,0,0,2,2,1,4,2,2,1,4,3,4,5,1,2,2,2,2,3,2,2,2,2,2,2,3,1,1,3,2,5,4,1,4,4,4,4,4,2,4,4,5,5,5,Very good,Very good,Very good,3,2,2,3,4,3,1,1,1,1,2,1,5,3,5,5,5,3,3,4,4,4,3,3
1,Algeria,1,2,4,4,2,4,3,1,1,80,30,2,2,1,3,3,4,1,1,2,4,4,2,2,2,2,1,1,3,1,1,2,3,2,1,2,1,2,2,5,3,2,1,5,5,4,4,1,1,3,4,4,3,Acceptable,Poor,Acceptable,1,1,1,4,4,3,5,2,2,4,4,4,3,5,4,5,2,3,3,2,2,4,5,4
4,Argentina,2,2,5,4,3,3,3,2,2,4,53,2,2,1,3,2,2,2,2,2,3,2,2,2,2,2,2,3,2,3,2,2,3,3,2,3,3,2,2,4,3,3,3,4,3,4,4,4,4,3,3,4,4,Acceptable,Acceptable,Good,3,1,3,4,4,2,2,1,2,1,5,2,2,2,4,3,5,3,5,3,3,4,3,3
3,Switzerland,1,2,4,4,4,3,3,3,2,10,20,2,2,2,4,3,2,4,2,2,3,2,2,2,2,2,2,2,2,2,2,2,3,2,1,3,3,2,2,3,3,2,2,4,3,3,3,2,2,3,2,2,1,Acceptable,Acceptable,Poor,3,2,2,4,3,3,2,2,2,2,3,3,3,2,5,5,5,3,4,3,4,4,5,5
1,Kenya,1,4,4,4,4,4,3,2,1,2,90,2,2,1,3,3,3,3,1,3,2,4,2,2,2,2,3,3,2,2,2,2,2,2,2,2,2,3,2,5,4,1,4,5,5,5,4,4,4,4,4,3,4,Good,Acceptable,Acceptable,3,2,2,3,2,3,5,3,4,3,3,4,5,3,5,5,5,3,4,4,4,5,5,4
3,TŸrkiye,2,4,5,5,5,4,4,4,3,100,15,2,4,1,3,3,4,1,3,2,4,3,2,2,2,2,1,2,1,2,2,1,3,3,1,2,1,2,2,5,3,1,4,5,5,5,5,4,5,5,5,4,5,Very good,Very good,Very good,2,2,2,2,2,1,1,1,3,2,1,2,3,4,2,2,1,1,2,2,1,2,2,2
3,Moldova,1,1,4,4,4,2,3,2,2,20,40,2,1,1,4,2,3,3,3,3,3,3,2,2,2,2,2,1,1,1,2,2,1,1,1,3,1,3,2,2,2,1,1,5,5,4,5,5,4,3,3,4,3,Acceptable,Acceptable,Acceptable,3,3,1,4,4,4,1,1,1,1,3,1,1,3,5,4,5,5,5,3,4,5,5,5
2,Japan,2,4,3,4,3,4,4,3,1,1,4,2,1,1,4,3,4,1,3,3,3,3,2,3,3,3,2,1,2,2,2,2,3,2,3,2,1,3,2,3,2,1,1,4,4,4,3,2,2,2,2,2,3,Acceptable,Acceptable,Acceptable,1,1,1,4,4,2,3,3,1,1,4,3,3,2,5,5,5,3,4,3,3,3,2,3
2,Malaysia,1,3,3,3,5,5,4,4,5,0,0,1,3,2,4,4,3,3,2,3,5,5,2,2,2,2,2,2,3,3,2,2,3,2,2,2,2,2,2,4,3,3,3,5,4,5,4,4,4,4,4,4,4,Good,Good,Very good,3,1,2,4,2,2,1,5,1,3,4,2,5,4,5,5,4,4,5,4,4,4,5,4
3,Cyprus,2,3,3,2,3,3,3,1,2,15,45,2,1,2,3,2,1,1,2,2,3,2,2,2,2,2,2,2,1,3,3,3,3,2,3,2,3,3,2,4,4,4,5,5,4,5,4,4,4,4,4,5,4,Very good,Very good,Very good,2,3,2,5,3,2,1,1,5,1,5,1,4,2,5,5,5,3,3,2,5,5,3,5
3,Romania,1,4,2,2,1,4,3,3,1,9,15,2,3,1,3,3,3,3,2,2,2,2,2,2,2,2,3,1,3,1,2,2,3,3,3,3,1,3,2,4,4,1,1,5,5,5,4,4,5,5,5,5,4,Very good,Very good,Good,3,3,2,2,2,3,5,5,4,3,3,2,2,2,4,4,4,4,3,4,4,4,4,4
1,Kenya,2,3,2,3,3,2,2,2,2,10,33,2,1,1,2,3,2,2,2,2,3,2,2,2,2,2,2,2,2,2,2,2,2,2,3,2,1,2,2,5,5,5,5,4,4,4,4,4,4,4,4,4,4,Good,Good,Good,3,3,2,5,4,1,1,1,1,1,2,1,5,4,5,5,5,4,5,4,4,4,4,5
4,Mexico,1,6,5,4,5,3,4,4,4,10,30,2,3,1,4,4,4,5,3,5,5,5,2,2,2,2,3,3,2,1,2,3,3,2,2,1,1,1,2,4,1,3,3,4,3,4,4,3,3,4,5,4,4,Acceptable,Acceptable,Acceptable,2,2,2,5,5,4,5,5,4,5,5,5,5,5,5,5,5,4,5,4,4,4,4,5
3,Italy,1,2,3,3,4,3,3,3,2,10,25,2,1,2,3,3,4,3,3,4,3,3,2,2,2,2,1,1,1,2,2,2,2,2,2,2,2,1,2,4,1,1,3,5,4,4,4,4,4,4,4,4,4,Good,Good,Good,2,2,2,4,3,3,3,3,2,2,3,3,5,4,4,5,5,4,5,4,4,4,3,5
5,Palestine,1,5,3,5,4,3,4,3,1,100,100,2,2,1,4,3,3,2,3,3,3,4,2,2,2,2,1,1,1,1,1,1,1,1,1,1,1,1,2,3,2,2,3,5,5,3,3,4,4,4,4,4,4,Good,Acceptable,Acceptable,3,3,3,4,5,4,2,2,3,2,4,2,2,3,4,4,4,3,4,3,4,4,4,4
6,United States of America,1,3,3,3,4,1,3,3,2,10,22,2,1,2,3,2,2,2,2,2,3,2,2,3,2,1,2,2,1,3,2,3,2,2,3,3,3,3,2,3,2,1,2,4,4,4,4,4,4,4,4,3,2,Very good,Very good,Very good,2,1,1,5,5,2,5,5,1,1,5,3,5,3,5,5,5,2,5,2,5,5,5,5
3,Switzerland,1,4,3,2,2,4,4,4,1,0,0,2,1,2,3,2,4,2,1,2,3,3,1,2,2,2,2,2,2,3,2,3,2,2,3,3,1,2,2,5,5,5,5,5,5,5,5,5,5,5,5,5,5,Very good,Very good,Very good,2,2,1,5,5,4,3,2,1,1,5,3,2,1,5,5,5,3,4,3,5,5,5,5
3,Germany,1,1,3,2,2,3,2,2,1,7,5,2,1,2,3,3,3,2,1,2,3,3,2,2,3,2,3,2,3,1,2,2,1,3,3,3,3,2,2,2,2,2,3,4,2,3,3,2,3,3,4,3,2,Poor,Acceptable,Acceptable,3,3,3,4,4,3,2,2,1,1,4,3,1,3,5,4,4,2,2,1,3,1,3,3
3,Moldova,2,1,3,4,4,4,4,3,2,0,20,2,2,1,3,3,4,2,3,3,4,3,2,3,2,2,3,3,3,2,2,3,3,1,3,1,1,3,2,3,2,2,2,3,2,2,3,2,4,4,4,4,3,Poor,Poor,Poor,3,3,3,4,4,3,1,1,4,4,5,3,4,4,4,5,4,5,5,4,5,4,4,4
2,Pakistan,2,2,3,3,2,4,4,3,3,10,30,2,2,1,4,4,3,3,3,3,3,4,2,2,2,2,2,2,2,3,2,2,2,2,2,2,3,2,2,5,3,1,2,4,4,4,3,2,2,4,4,3,5,Very good,Very good,Good,2,3,2,4,4,2,1,1,4,4,4,3,5,4,5,5,5,3,5,4,5,4,4,5
3,Romania,1,2,2,3,1,3,3,1,1,30,50,2,1,1,2,1,2,2,2,2,3,2,2,2,2,2,1,2,1,3,3,3,1,3,3,3,3,3,2,4,2,1,2,5,4,4,2,3,2,3,4,4,3,Good,Good,Acceptable,1,3,2,4,4,3,2,2,1,1,4,3,4,4,5,5,5,4,5,5,5,5,5,5
3,Spain,2,6,3,1,1,3,5,3,4,100,100,2,1,2,4,4,,,4,4,4,4,2,2,2,2,2,2,1,2,2,2,2,2,2,1,1,2,2,5,5,2,4,5,5,5,5,5,5,5,5,5,5,Good,Very good,Very good,2,2,1,4,2,2,4,1,4,1,4,1,1,2,5,5,5,1,4,3,4,4,3,4
3,Romania,1,2,2,2,2,3,3,3,2,0,15,2,1,1,4,4,1,3,2,,3,3,2,3,3,3,3,3,3,3,3,3,3,3,3,3,3,3,2,4,1,1,1,3,3,3,3,3,3,3,3,3,3,Acceptable,Acceptable,Acceptable,3,3,3,2,2,2,3,3,3,3,3,3,4,3,4,4,4,4,4,4,4,4,4,4
3,Germany,2,2,3,2,3,3,1,1,1,0,10,2,2,1,5,4,1,1,2,3,1,5,2,2,2,2,2,2,2,2,2,2,3,3,3,2,1,2,2,4,3,2,4,4,4,3,4,3,4,4,4,2,3,Acceptable,Acceptable,Acceptable,3,1,1,5,4,3,1,1,4,4,4,3,2,2,4,4,4,2,4,4,4,3,4,4
5,Jordan,2,2,5,5,3,4,4,4,3,5,30,2,2,1,3,4,3,3,2,3,4,4,2,2,2,2,3,3,2,2,2,2,2,3,1,2,1,2,2,3,3,1,3,4,3,5,5,5,5,3,3,4,2,Good,Good,Very good,2,3,3,4,4,2,2,3,4,4,5,2,5,4,5,5,5,4,3,4,3,3,5,4
3,Romania,1,2,3,1,2,4,3,1,2,0,5,2,2,2,2,3,2,4,1,2,2,4,1,2,2,1,1,1,1,1,1,1,1,1,1,1,1,2,2,3,4,1,2,5,2,2,1,1,2,4,5,5,4,Good,Very good,Good,1,1,1,4,4,4,5,4,1,1,2,1,1,3,5,5,5,2,2,2,2,1,4,4
3,Sweden,1,5,4,3,3,2,4,2,3,9,20,2,2,2,3,2,,,1,2,,2,2,2,2,2,2,2,2,2,2,2,2,2,2,2,1,2,2,3,3,2,4,4,4,4,4,3,4,3,4,3,3,Good,Good,Very good,2,2,2,4,4,4,4,4,4,2,4,3,1,3,4,4,4,5,5,5,5,5,5,5
3,Moldova,1,1,3,2,1,2,4,3,1,0,0,2,1,1,3,3,4,1,2,1,,1,1,2,2,2,1,1,1,3,2,1,1,2,2,1,3,1,2,2,1,4,3,4,2,3,5,3,3,4,4,5,2,Very good,Very good,Very good,3,1,3,2,1,1,1,1,1,1,3,2,3,3,3,5,3,4,5,3,3,4,3,3
3,Ukraine,1,2,3,4,2,3,4,4,2,0,25,2,3,2,2,2,1,2,1,2,3,2,2,2,2,2,1,1,1,1,2,1,1,1,1,1,1,1,2,3,1,1,2,4,2,3,4,2,2,2,2,3,4,Acceptable,Good,Good,1,3,1,2,2,2,1,1,3,2,4,2,2,4,2,4,4,3,4,4,3,4,4,3
3,Moldova,1,3,4,2,4,4,3,2,3,0,5,2,2,1,3,4,2,2,2,3,3,4,1,2,2,2,3,2,3,2,2,3,2,2,3,2,1,3,2,4,2,1,4,5,5,3,5,5,5,3,3,3,5,Good,Good,Good,3,3,2,4,1,1,1,1,1,1,5,2,4,2,5,5,5,3,5,5,5,5,5,5
3,Romania,1,2,4,4,4,4,3,3,3,5,50,2,3,1,4,4,3,1,3,4,4,4,2,3,1,1,1,1,1,2,1,1,1,3,3,1,2,1,2,4,1,1,2,4,4,3,4,4,4,5,4,3,5,Very good,Very good,Very good,2,3,2,5,4,2,5,5,2,2,4,1,5,1,5,5,5,3,4,3,4,3,2,2
5,Leba1n,2,3,4,3,4,4,5,4,3,75,10,2,2,1,4,5,3,4,4,4,5,4,2,3,2,2,2,2,1,2,2,2,3,2,3,2,2,3,2,4,4,4,4,5,2,5,5,3,5,4,4,4,4,Good,Good,Good,2,3,2,5,5,2,2,2,2,2,2,2,3,2,5,5,4,4,5,3,4,5,4,4
2,Malaysia,1,5,4,3,3,3,3,4,3,42,51,2,1,2,2,2,2,3,2,2,2,3,1,2,2,2,1,1,1,1,2,2,2,2,2,1,1,2,2,5,4,1,4,4,3,3,3,2,3,4,4,3,4,Good,Good,Good,2,2,2,5,5,5,5,5,4,4,5,3,5,5,5,5,5,3,5,4,2,5,1,5
2,Vietnam,1,2,5,5,5,5,5,2,5,100,30,2,5,2,5,5,5,1,1,1,5,5,2,2,2,2,2,2,2,2,2,2,2,2,2,2,2,2,2,2,2,1,1,5,5,5,5,5,5,5,5,5,5,Very good,Very good,Very good,2,2,2,5,5,5,5,5,5,5,5,5,5,5,5,5,5,5,5,5,5,5,5,5
4,Uruguay,2,3,4,5,3,5,3,3,1,1,10,2,3,2,4,5,4,2,3,4,5,5,2,2,2,2,2,2,1,2,2,2,2,2,2,2,2,2,2,5,5,5,5,5,4,5,4,5,5,5,4,4,5,Very good,Very good,Very good,1,2,2,5,4,2,1,1,2,2,5,1,2,2,5,5,5,2,4,5,4,4,4,5
3,Denmark,1,2,1,2,3,2,3,1,1,0,0,1,2,2,2,4,3,3,3,3,1,2,1,1,3,2,2,1,1,3,2,2,2,3,1,1,1,2,2,2,2,1,3,5,4,4,4,5,4,3,2,1,1,Very good,Good,Good,3,2,2,4,3,1,1,1,2,1,4,1,2,3,5,5,5,1,4,4,5,4,4,4
3,Romania,1,2,3,3,5,4,1,1,1,0,5,2,2,1,3,4,4,2,2,3,4,4,2,2,1,2,1,1,1,1,2,2,1,2,3,1,1,1,2,3,2,1,2,2,3,3,2,2,2,2,3,3,2,Acceptable,Acceptable,Acceptable,2,2,2,5,4,3,4,4,1,1,5,3,4,5,5,5,5,3,5,3,5,5,4,5
3,Romania,2,2,3,2,4,2,2,2,2,0,10,2,1,1,2,4,1,5,2,3,3,4,1,3,3,2,3,1,3,3,3,3,3,3,3,3,1,3,2,2,1,1,2,3,2,2,3,2,4,4,4,4,4,Acceptable,Acceptable,Acceptable,1,1,1,2,1,4,2,1,2,1,4,1,2,2,3,3,3,3,4,3,3,3,4,4
2,Malaysia,2,2,4,4,4,4,3,4,3,0,0,2,3,1,3,3,3,3,3,3,3,3,1,2,2,2,1,3,1,1,2,2,1,3,2,3,1,3,1,,,,,3,3,3,3,3,3,3,3,3,1,Good,Good,Good,2,2,2,5,5,5,2,2,2,2,3,1,5,3,4,5,5,3,5,5,5,5,3,3
2,Malaysia,1,4,3,3,3,4,4,4,1,60,90,2,1,2,4,3,3,4,4,4,4,4,2,2,2,2,2,3,2,2,2,2,2,2,2,2,1,2,2,4,5,1,5,5,5,5,5,5,5,5,5,5,5,Good,Good,Good,1,1,2,2,2,3,4,4,4,4,4,2,5,4,5,5,5,3,5,4,5,5,3,5
2,Malaysia,1,3,3,3,5,5,4,4,5,0,0,1,3,2,4,4,3,3,2,3,5,5,2,2,2,2,2,2,3,3,2,2,3,2,2,2,2,2,2,4,3,3,3,5,4,2,3,4,3,4,4,5,5,Acceptable,Acceptable,Good,3,3,2,5,4,4,4,4,4,4,2,1,5,4,5,5,5,3,5,5,5,4,3,5
3,Romania,1,3,4,4,2,3,4,4,2,0,36,2,3,1,3,4,2,4,5,4,4,5,2,2,2,2,2,2,2,2,2,2,2,2,2,2,2,2,2,4,4,4,4,5,5,5,4,2,2,2,3,2,2,Good,Very good,Good,3,3,3,4,4,5,4,3,4,4,4,3,4,4,4,5,4,4,5,4,4,4,4,4
3,Belgium,1,5,3,3,4,4,3,3,4,92,15,2,3,2,3,3,3,3,2,2,3,2,2,2,2,2,2,2,3,3,2,2,3,2,3,2,3,3,2,3,5,3,3,4,4,4,3,3,2,4,4,3,2,Good,Good,Good,2,2,2,5,5,1,4,4,1,1,5,1,1,3,3,3,3,3,4,4,4,3,4,4
3,Romania,1,2,3,2,3,4,4,2,3,0,0,2,4,1,3,2,1,2,2,2,3,2,1,2,2,2,2,3,2,1,2,2,1,3,1,1,1,3,2,4,3,3,3,4,4,4,4,4,4,4,4,3,3,Good,Good,Good,2,2,2,4,4,2,4,4,4,4,4,1,2,2,4,4,4,3,4,3,3,3,2,3
3,Romania,1,3,3,3,3,4,4,1,1,0,0,2,1,1,4,4,3,3,4,4,4,3,1,3,3,3,1,1,1,1,1,1,1,1,3,1,1,1,2,3,1,1,3,4,4,4,3,3,3,4,4,4,4,Good,Good,Good,3,3,2,4,3,3,5,4,1,1,4,1,2,2,5,5,4,3,4,3,3,4,4,4
3,Germany,1,4,2,2,2,2,2,2,1,2,10,2,1,2,3,2,4,3,1,1,2,3,1,2,2,2,3,2,2,3,2,2,3,3,3,2,3,2,2,2,3,1,2,4,4,4,3,3,3,3,3,3,3,Good,Good,Good,3,3,3,4,4,1,4,4,2,2,5,4,4,3,5,5,5,3,4,4,4,4,4,4
5,Jordan,1,2,3,3,3,3,3,4,2,0,15,2,3,2,4,4,2,3,3,2,4,3,2,2,2,2,2,3,3,3,3,3,2,2,2,2,3,2,2,2,2,3,2,2,2,2,4,2,3,3,4,3,3,Acceptable,Acceptable,Poor,3,3,3,4,5,5,1,1,1,4,5,4,4,5,3,3,4,3,4,3,3,3,4,5
5,Jordan,1,1,3,3,3,3,3,3,3,85,86,2,3,1,3,2,2,3,3,3,3,3,2,2,2,2,2,3,3,2,3,3,3,3,3,3,3,3,2,3,3,3,3,3,3,3,3,3,3,3,4,3,3,Acceptable,Acceptable,Good,3,3,3,4,3,3,4,4,3,3,3,4,4,3,3,3,3,3,3,3,3,3,4,3
3,Romania,1,2,4,5,4,5,4,4,3,20,100,2,3,2,4,4,3,3,4,4,4,4,2,3,2,2,3,3,1,3,2,2,3,2,3,3,1,2,2,4,2,2,4,5,4,5,4,4,4,4,4,4,3,Very good,Very good,Very good,3,3,2,4,4,3,5,5,3,2,4,2,2,4,5,5,5,4,4,4,3,3,3,3
5,Jordan,1,4,5,3,4,3,3,3,2,6,20,1,2,1,4,4,3,4,3,2,4,4,2,2,3,2,3,3,3,3,3,3,3,3,3,3,3,3,2,3,3,2,3,5,5,5,5,5,5,5,5,5,5,Acceptable,Acceptable,Good,2,2,3,5,4,1,3,3,3,3,4,3,4,3,4,5,5,5,4,5,4,4,4,4
3,Spain,1,4,4,3,3,4,4,3,3,40,60,2,1,1,1,1,1,1,1,1,1,1,2,2,2,2,2,2,1,1,2,2,2,2,3,2,1,2,2,4,4,5,4,5,5,5,5,5,5,5,5,5,5,Very good,Very good,Very good,2,2,2,4,4,4,5,5,4,4,5,3,3,2,5,5,5,4,5,5,5,5,4,5
2,Cambodia,2,1,4,5,4,4,4,5,4,50,100,2,2,1,3,3,3,3,3,3,4,4,2,2,2,2,3,3,3,3,3,3,3,3,3,3,3,3,2,4,4,4,4,5,4,4,5,5,5,5,5,5,5,Good,Good,Good,2,2,2,4,4,4,4,4,4,4,4,4,4,4,4,4,4,4,4,4,4,4,4,4
5,Jordan,2,2,4,4,3,4,4,3,3,2,38,2,4,2,3,4,4,2,3,3,4,4,2,2,2,2,1,1,2,2,2,2,2,2,2,2,1,2,2,4,4,4,4,4,4,4,4,4,4,4,4,4,4,Acceptable,Good,Good,2,2,2,4,1,4,2,3,3,3,3,2,5,4,4,4,4,3,4,3,3,4,3,4
5,Jordan,1,1,3,4,4,2,2,1,1,0,30,1,4,2,4,3,2,4,3,4,3,3,2,2,2,2,1,1,1,1,1,1,1,1,1,1,1,1,2,4,1,1,1,3,4,5,5,4,3,3,3,3,3,Acceptable,Acceptable,Acceptable,1,1,1,3,4,2,3,2,3,2,4,5,5,4,4,4,3,3,4,4,2,4,3,4
5,Jordan,1,5,4,4,4,4,4,4,2,4,21,2,3,2,4,4,2,4,4,3,4,4,2,2,2,2,1,1,1,1,1,1,1,1,1,1,1,1,2,4,5,2,4,4,4,4,4,4,4,4,4,4,4,Good,Acceptable,Good,2,2,2,4,4,4,4,4,4,4,4,4,4,4,5,4,4,4,5,3,4,4,4,4
5,Saudi Arabia,2,2,5,3,4,5,4,1,3,0,0,2,2,1,4,4,3,3,4,3,3,4,1,2,2,2,3,1,1,2,2,2,3,2,3,3,1,3,2,4,4,3,4,5,5,5,5,3,4,4,4,4,4,Good,Very good,Good,3,3,3,2,5,1,1,1,1,4,5,1,1,2,5,5,4,3,4,4,4,4,4,4
5,Jordan,2,3,4,4,3,4,1,2,2,0,34,2,1,1,4,4,1,4,4,3,5,3,2,2,2,2,3,1,3,3,2,2,2,3,3,2,1,2,2,4,4,1,3,4,4,3,3,3,3,4,4,2,3,Good,Good,Acceptable,1,1,2,4,4,5,1,1,4,4,4,4,4,4,4,4,4,3,5,4,4,2,4,4
5,Jordan,1,2,4,4,3,5,4,3,4,10,45,2,1,1,4,2,2,4,3,3,2,3,2,2,2,3,1,1,1,1,3,1,2,3,2,1,2,1,2,4,1,1,1,5,5,5,4,4,3,4,4,4,4,Good,Good,Acceptable,2,2,1,5,5,2,2,2,1,1,3,5,5,5,5,5,5,4,5,5,3,3,5,4
5,Jordan,2,2,4,4,3,4,4,3,4,0,20,2,3,1,4,4,3,3,4,3,5,5,2,2,2,2,2,3,2,2,2,2,3,2,2,1,1,2,2,4,4,1,2,5,5,5,4,4,4,4,4,5,4,Very good,Very good,Very good,2,1,2,4,2,4,3,3,4,4,4,3,2,4,5,5,5,3,4,3,4,4,3,3
5,Jordan,2,3,4,5,2,4,2,1,3,10,20,2,1,2,4,4,3,3,2,1,4,4,2,2,2,2,1,1,1,3,2,3,2,3,2,3,1,2,2,4,4,4,2,4,4,4,3,5,3,3,3,3,4,Very good,Very good,Very good,2,2,2,5,4,3,1,1,3,4,4,2,1,3,5,5,5,3,4,4,4,3,4,4
5,Jordan,2,1,4,5,4,5,4,5,5,27,27,2,2,1,4,5,5,2,3,4,5,5,2,2,2,2,3,3,3,3,3,3,3,3,3,3,3,3,2,5,1,1,1,5,5,5,5,5,5,5,5,5,5,Very good,Very good,Very good,2,2,2,5,5,4,1,1,4,3,5,2,5,4,5,5,5,5,5,5,5,5,5,5
5,Jordan,2,3,4,4,3,4,3,3,4,0,30,2,3,2,4,4,3,3,4,4,5,4,,2,2,2,3,2,3,3,2,2,3,3,3,2,3,2,2,4,4,2,4,4,3,3,4,3,4,4,4,4,4,Good,Good,Very good,3,3,3,4,4,4,1,1,4,4,3,3,4,4,4,4,4,4,4,4,4,4,4,4
2,Malaysia,1,6,5,5,5,4,5,4,2,50,70,2,1,1,5,5,3,3,3,4,5,5,2,2,2,2,2,2,2,2,2,2,3,2,3,2,3,2,2,5,5,5,5,5,5,5,5,5,5,5,5,5,5,Good,Good,Good,2,2,2,5,5,5,5,5,4,4,5,4,5,4,5,5,5,5,5,5,5,5,5,5
3,Switzerland,2,1,4,5,5,2,3,1,1,15,100,2,1,1,4,1,1,4,3,1,5,3,2,2,2,2,2,2,2,2,2,2,2,2,1,2,1,2,2,5,1,5,3,5,5,3,5,5,5,5,5,5,5,Good,Good,Very good,1,1,2,4,3,4,1,1,4,4,5,1,3,2,5,5,5,3,3,2,1,1,1,1
5,Palestine,2,4,4,4,3,5,4,4,2,100,30,2,1,1,4,3,4,2,2,3,4,4,1,2,2,2,2,2,3,2,2,2,2,2,2,2,1,2,2,5,4,4,4,5,4,4,4,4,4,5,4,4,4,Good,Good,Very good,2,2,2,4,4,3,1,1,3,3,2,2,2,4,5,4,5,3,4,3,4,3,4,2
5,Jordan,2,1,3,4,3,4,3,2,3,10,25,2,2,2,4,3,4,3,4,4,4,4,2,3,2,2,1,2,2,2,2,2,2,2,2,2,2,2,2,3,3,2,4,4,4,4,4,4,4,4,4,4,4,Very good,Very good,Very good,2,2,2,4,4,4,4,4,4,4,4,4,4,4,5,5,5,5,5,5,5,5,5,5
5,Jordan,2,4,3,4,2,3,3,3,1,24,54,2,2,1,4,3,3,4,3,2,4,4,2,3,2,2,3,3,1,3,2,2,1,3,3,2,1,2,2,5,3,3,4,4,3,4,4,4,4,3,3,3,4,Very good,Very good,Very good,1,1,3,4,2,2,1,1,3,3,2,2,2,2,5,5,5,2,3,2,4,4,4,5
5,Jordan,2,3,5,5,4,4,3,2,4,100,60,2,4,1,3,4,3,3,1,3,4,3,2,2,2,2,3,3,3,3,2,2,3,2,2,2,1,3,2,3,1,5,1,4,3,4,4,3,4,3,3,5,4,Very good,Very good,Good,2,2,2,4,2,5,1,1,4,4,1,3,2,4,5,5,5,3,4,5,5,1,5,5
5,Jordan,1,6,5,5,4,4,4,3,3,20,35,2,3,1,4,4,2,4,3,3,4,4,2,2,2,2,2,2,3,3,2,2,2,3,3,2,1,3,2,4,4,4,4,5,5,5,4,4,4,5,4,4,5,Good,Very good,Good,1,3,3,3,2,4,3,3,2,2,4,2,3,3,4,5,5,4,4,4,4,1,4,4
2,Malaysia,2,1,2,2,1,2,2,1,1,0,0,2,1,1,2,1,2,1,1,1,1,2,1,1,1,2,1,1,1,1,1,1,1,1,2,1,1,1,1,,,,,5,5,5,4,5,4,1,1,2,1,Good,Good,Good,1,1,1,3,3,3,1,1,1,1,3,1,1,1,5,5,5,3,5,3,5,5,5,3
3,Croatia,1,2,4,4,3,4,3,3,3,10,80,2,1,2,4,4,3,2,2,2,4,2,2,2,2,2,3,3,3,2,2,2,3,2,2,2,2,2,2,4,2,2,3,5,5,5,5,5,5,5,4,4,5,Very good,Good,Good,2,2,2,4,4,3,4,4,3,3,2,3,2,2,5,5,5,3,4,4,4,4,4,4
2,Myanmar,1,2,4,3,2,4,4,4,4,2,40,2,2,2,3,3,2,1,2,2,2,3,2,1,2,2,2,2,1,2,2,1,2,2,2,2,1,2,2,3,1,4,4,4,4,4,4,4,3,4,3,3,3,Good,Acceptable,Poor,1,1,1,5,4,3,5,2,5,1,2,2,2,2,5,5,4,3,5,5,5,4,4,5
3,Spain,1,6,4,3,4,3,4,4,2,5,15,1,2,2,4,4,3,3,3,4,4,3,2,2,2,2,3,2,3,3,2,2,2,2,2,2,3,3,2,3,5,4,4,5,5,5,5,4,4,5,5,5,5,Good,Good,Good,2,2,2,4,5,1,5,2,3,3,3,3,3,3,5,5,5,4,5,4,4,5,5,4
2,Vietnam,1,5,3,3,4,4,3,2,2,100,5,2,2,1,4,4,2,4,4,4,4,4,1,1,1,3,1,1,1,1,1,3,1,1,3,3,1,1,2,1,1,1,1,4,4,4,2,2,1,2,2,1,2,Poor,Poor,Poor,1,1,1,2,1,1,1,1,1,1,5,3,5,3,5,5,5,5,5,5,5,5,5,5
2,Malaysia,1,1,4,4,4,4,4,3,3,50,70,2,1,2,4,4,3,3,4,4,4,4,1,2,2,3,1,1,1,1,2,2,2,1,3,2,1,2,2,4,3,1,1,5,5,4,5,4,5,4,5,5,5,Very good,Very good,Very good,3,3,2,5,3,3,1,1,3,3,5,4,5,3,5,5,5,4,5,5,5,5,4,4
6,United States of America,2,4,3,3,3,2,3,3,2,1,5,2,1,1,3,2,3,2,2,3,3,4,2,2,2,2,2,2,3,2,2,2,2,2,2,2,1,3,2,4,3,4,4,4,3,2,3,3,3,2,3,2,3,Very good,Very good,Very good,3,3,2,4,4,3,2,1,2,2,4,2,5,2,5,5,5,3,4,3,3,4,2,4
4,Paraguay,2,1,5,5,5,5,5,5,5,2,80,2,5,1,5,5,2,4,5,5,5,5,2,3,2,2,2,3,3,2,3,2,3,2,2,3,3,2,2,5,3,5,5,5,5,5,5,5,5,5,5,5,5,Good,Good,Good,3,3,2,4,4,1,1,1,3,1,5,3,5,5,5,5,5,4,5,3,3,4,2,3
5,Jordan,1,3,5,4,4,4,4,3,3,0,20,2,5,2,4,4,4,5,3,4,3,4,2,2,2,2,2,2,2,2,2,2,2,2,2,2,2,2,2,4,3,4,4,4,4,4,5,4,5,4,4,4,4,Acceptable,Acceptable,Acceptable,2,2,2,5,5,4,4,4,3,4,4,4,4,4,4,4,4,4,4,4,3,4,4,4
3,Italy,2,3,4,2,3,4,3,1,2,0,30,1,1,1,4,3,3,3,4,3,4,4,1,2,3,3,3,3,1,3,1,1,3,3,1,1,1,2,2,3,3,3,4,4,4,3,3,2,3,2,2,1,2,Good,Acceptable,Acceptable,1,1,3,2,4,3,1,1,2,1,4,1,4,3,4,4,4,4,4,4,4,4,3,4
5,Jordan,2,4,4,5,4,5,4,4,4,7,35,2,2,2,4,4,1,3,1,2,2,4,2,2,2,2,3,1,3,2,2,2,2,2,2,3,1,1,2,3,1,2,3,5,5,5,5,5,5,5,5,5,4,Very good,Very good,Good,2,2,3,5,4,4,1,1,1,1,4,1,4,1,5,5,4,2,2,3,1,1,1,3
2,Kyrgyzstan,2,2,4,5,5,4,4,4,4,70,30,2,2,1,3,4,3,4,4,5,5,5,2,2,2,2,3,3,3,3,3,3,3,3,3,3,3,3,2,4,3,3,2,4,2,5,3,3,4,2,3,3,3,Acceptable,Acceptable,Acceptable,3,3,3,4,4,4,4,4,4,4,4,4,4,4,4,4,4,4,4,4,4,4,4,4
3,Poland,2,2,1,2,2,2,2,2,2,70,70,2,1,2,4,4,3,1,2,4,2,2,2,2,2,2,2,1,1,2,2,2,2,2,2,2,2,2,2,5,5,1,2,5,5,5,5,5,5,5,5,5,2,Very good,Very good,Very good,2,1,1,1,5,5,1,1,2,2,4,1,5,2,5,5,5,1,5,1,1,2,2,4
5,Leba1n,2,2,4,1,3,2,3,1,1,99,10,1,1,1,4,4,2,4,3,3,5,5,2,2,2,1,2,2,1,2,2,2,2,2,2,2,2,2,2,1,2,2,2,2,2,2,2,2,2,2,2,2,2,Poor,Poor,Poor,1,1,1,3,3,3,3,3,3,3,3,3,3,3,3,3,3,3,3,3,3,3,3,3
1,Zimbabwe,1,4,5,5,4,5,4,3,4,0,30,2,1,2,5,5,2,4,4,5,5,5,2,2,2,2,2,2,2,2,2,2,2,2,2,2,1,2,2,5,5,5,5,5,5,5,5,5,5,5,5,5,5,Acceptable,Acceptable,Acceptable,2,1,1,5,3,3,4,4,3,3,4,5,5,5,5,5,5,4,5,5,5,5,5,5
3,Switzerland,1,5,3,5,4,3,3,3,2,0,70,2,5,1,5,3,3,3,2,4,3,2,2,2,2,2,2,3,1,2,2,1,2,2,1,2,3,2,2,3,5,3,4,4,4,4,4,3,3,4,4,3,4,Very good,Very good,Very good,3,2,2,5,5,1,5,5,3,2,3,2,1,1,5,4,4,4,4,4,4,5,3,4
3,Austria,1,2,4,3,1,4,2,2,1,10,30,2,2,2,2,3,1,2,2,3,3,1,1,2,2,2,2,3,1,2,2,2,1,2,1,2,3,2,2,4,3,5,2,5,5,5,5,5,3,3,4,3,3,Good,Good,Good,2,2,2,4,4,2,4,2,1,2,4,1,2,2,5,5,5,2,3,3,2,2,2,2
2,Turkmenistan,1,3,3,4,3,4,3,4,3,3,3,2,2,1,3,3,2,4,3,2,3,3,2,2,2,2,3,3,3,1,3,3,3,3,3,2,2,2,2,3,3,2,2,3,3,3,4,3,3,3,4,3,4,Acceptable,Good,Acceptable,2,2,3,2,2,2,1,1,2,2,2,2,2,2,4,4,3,1,2,1,3,2,2,2
4,Mexico,2,3,4,4,3,3,4,3,2,5,7,2,3,2,4,4,3,3,4,3,4,5,2,2,2,2,2,2,1,3,3,3,3,2,3,2,2,2,2,4,2,1,4,5,4,5,4,3,4,3,4,3,4,Good,Good,Good,1,1,3,5,4,2,1,1,2,2,5,2,2,2,5,5,5,3,5,4,4,4,4,4
2,Malaysia,2,5,4,4,4,4,4,4,3,100,70,2,3,2,4,4,3,3,3,3,3,4,,2,2,2,2,3,2,2,2,3,3,2,2,3,3,2,2,4,3,2,4,5,5,5,5,4,5,4,4,4,4,Good,Good,Acceptable,2,3,2,5,4,3,3,3,3,4,5,3,5,4,5,4,4,3,5,4,4,5,4,4
5,Palestine,1,3,4,4,4,3,4,3,1,7,50,2,1,1,4,3,4,2,1,2,3,3,2,2,2,2,1,2,1,1,1,3,2,3,3,3,1,3,2,3,2,2,3,4,4,4,4,4,4,4,4,4,4,Good,Good,Good,3,3,3,4,4,3,4,2,4,2,4,2,4,4,5,5,5,4,5,5,5,4,5,5
4,Colombia,2,4,5,5,4,5,4,4,4,11,17,2,1,1,4,4,3,2,4,4,3,4,2,2,2,3,3,1,3,3,3,3,1,3,3,3,1,3,2,5,4,2,5,5,3,4,4,3,3,3,4,4,4,Good,Good,Good,2,2,2,5,3,3,1,1,1,1,4,1,4,2,5,5,5,3,5,3,5,5,3,3
3,Serbia,1,3,2,3,3,2,4,4,1,0,1,2,1,1,2,3,5,1,3,5,4,4,1,1,2,2,1,1,1,1,1,1,1,1,1,1,1,3,2,5,1,1,1,5,3,3,4,3,3,4,4,5,5,Poor,Poor,Poor,1,1,1,2,2,3,3,3,3,3,3,3,5,3,2,4,4,5,5,4,5,5,4,5
4,Colombia,1,4,4,4,5,5,5,5,3,27,50,2,2,1,4,5,5,2,2,5,5,5,2,2,2,2,3,1,1,2,2,2,2,3,2,2,2,3,2,5,4,2,5,4,4,4,4,3,3,2,2,2,2,Good,Good,Acceptable,1,1,3,4,2,2,4,2,1,1,5,1,4,3,5,5,5,3,5,3,5,4,3,5
2,Malaysia,1,3,4,4,4,2,4,3,2,10,20,2,1,2,4,4,4,3,3,3,3,5,2,2,2,2,3,2,3,2,2,2,2,2,2,2,2,2,2,4,3,3,4,5,5,5,5,4,4,4,4,4,4,Acceptable,Acceptable,Acceptable,2,2,2,5,5,4,2,2,4,4,2,3,5,4,5,5,5,3,5,4,5,4,4,4
5,Palestine,1,4,3,4,3,3,4,4,3,0,70,2,1,1,4,4,2,4,1,1,2,4,2,2,2,2,1,1,1,1,1,1,2,1,2,2,1,1,2,4,3,1,2,3,4,4,4,3,4,3,4,4,3,Acceptable,Acceptable,Acceptable,1,1,1,4,3,3,2,2,3,3,5,1,4,4,5,5,5,4,5,4,4,4,4,4
6,United States of America,1,5,3,4,3,2,4,3,3,10,35,2,1,2,4,4,3,2,,3,3,3,1,3,3,1,3,2,3,2,2,2,3,2,3,3,3,3,2,2,3,3,3,4,4,4,4,4,3,3,4,3,3,Acceptable,Acceptable,Good,1,1,2,3,3,4,3,3,3,3,3,3,3,3,3,3,3,3,3,3,3,3,3,3
4,Brazil,1,2,4,4,4,4,4,4,4,30,70,2,4,1,4,4,3,2,4,4,4,4,1,2,2,2,1,1,1,1,1,1,2,1,2,1,1,1,2,4,3,1,2,4,4,4,4,4,4,4,4,4,4,Good,Good,Good,3,3,3,2,4,4,5,5,2,4,5,2,1,2,5,5,5,2,4,2,5,2,4,5
2,Malaysia,1,1,4,3,4,4,4,2,2,20,75,2,2,1,3,5,4,3,2,2,4,4,2,2,2,3,3,1,1,2,2,2,3,2,3,2,2,2,2,4,4,3,4,5,5,4,5,4,4,5,5,4,3,Good,Good,Good,2,2,2,4,4,4,1,1,1,1,4,4,4,4,4,4,4,3,4,4,4,4,4,4
2,Malaysia,1,2,4,4,4,4,4,4,4,53,70,2,1,1,3,3,4,3,3,3,3,4,1,2,2,2,2,2,2,2,1,1,1,1,1,1,1,2,2,3,2,2,2,4,4,4,4,3,3,3,4,4,3,Acceptable,Acceptable,Acceptable,1,1,1,3,3,3,2,3,3,2,2,3,3,4,3,3,2,2,3,4,4,3,4,4
3,Romania,1,4,4,3,3,4,3,1,3,5,25,2,1,2,3,3,3,2,1,3,4,3,1,2,2,2,3,3,1,2,2,3,1,2,2,1,1,1,2,3,3,3,4,5,4,3,4,4,4,4,4,4,4,Good,Good,Good,1,1,3,4,4,3,5,5,4,4,4,3,3,3,5,5,5,4,5,4,5,5,4,5
2,Malaysia,2,2,3,2,2,2,4,3,1,0,10,2,1,1,4,3,4,1,1,1,3,4,2,3,2,2,3,1,1,2,1,1,1,1,3,2,1,2,1,,,,,3,2,3,3,3,3,2,2,2,1,Acceptable,Acceptable,Acceptable,1,1,2,2,4,2,4,2,2,2,5,2,5,5,5,5,5,4,5,4,4,5,5,5
4,Dominican Republic,1,3,3,3,3,3,3,2,2,3,15,2,3,1,3,4,3,2,3,3,4,4,2,2,2,2,1,1,3,1,1,1,2,1,3,3,1,3,2,5,3,1,3,5,3,2,2,1,3,3,3,2,3,Acceptable,Acceptable,Good,3,3,2,5,4,3,4,4,2,4,4,1,4,4,5,5,5,4,5,5,5,5,5,5
2,Malaysia,2,1,5,4,5,4,5,3,3,0,50,2,1,1,5,4,3,5,5,5,5,5,2,3,3,3,1,1,1,1,1,1,1,1,1,1,1,1,1,,,,,5,5,5,5,5,5,5,5,5,5,Good,Good,Good,1,1,1,5,5,1,1,1,1,1,5,5,5,5,5,5,5,5,5,5,5,5,5,5
4,Haiti,2,1,4,4,3,4,3,3,2,0,25,2,3,1,4,4,4,2,4,3,4,4,1,1,2,2,2,2,1,2,2,2,1,2,1,2,1,2,1,,,,,2,1,4,3,3,3,3,4,3,3,Acceptable,Acceptable,Acceptable,1,1,1,4,4,2,1,1,4,3,4,3,4,4,3,3,4,4,4,3,2,4,2,4
4,Brazil,2,2,5,5,5,5,5,4,5,100,50,2,3,2,5,5,3,3,4,4,4,5,,2,2,2,3,2,1,2,2,2,2,2,2,2,2,2,2,5,4,4,4,5,5,5,5,5,5,5,5,5,5,Good,Very good,Very good,2,2,2,5,5,5,1,1,4,4,5,5,5,5,5,5,5,4,5,5,5,5,5,5
2,Malaysia,2,1,3,3,3,3,3,3,3,60,60,2,2,1,5,5,3,3,3,3,3,3,2,1,1,1,3,3,3,3,3,3,3,3,3,3,3,3,1,,,,,3,3,3,3,3,3,3,3,3,3,Acceptable,Acceptable,Acceptable,1,1,1,3,3,3,3,3,3,3,3,3,3,3,4,4,4,4,4,4,4,4,4,4
2,Malaysia,2,1,5,5,4,4,4,4,4,30,60,2,1,2,4,4,3,4,4,4,4,4,2,2,2,2,1,2,2,2,2,2,2,2,2,2,1,2,1,,,,,4,4,4,4,4,4,4,4,4,4,Good,Good,Good,2,2,2,5,5,5,5,5,5,5,5,5,5,5,4,5,4,3,4,4,4,4,4,4
6,United States of America,2,2,2,1,1,3,2,1,1,100,100,2,1,2,4,4,1,1,2,2,2,2,2,2,2,2,2,1,1,2,2,2,1,2,1,2,3,2,2,2,3,1,2,3,3,3,3,3,3,4,3,3,2,Good,Good,Acceptable,1,1,2,4,4,2,1,1,2,2,1,3,4,1,5,5,5,3,4,1,3,2,2,3
3,Portugal,1,2,4,4,3,5,2,2,2,0,20,2,2,2,3,4,5,1,3,4,3,2,2,2,2,2,2,3,3,1,2,2,3,2,1,2,1,2,2,4,4,5,4,5,3,4,5,5,5,3,3,2,4,Acceptable,Good,Good,2,1,2,4,5,1,1,2,2,2,4,4,4,4,5,4,4,5,5,4,4,4,3,5
2,Malaysia,1,5,4,4,4,4,3,4,3,48,52,2,2,2,4,4,3,3,3,3,4,4,2,2,2,2,2,2,2,2,3,3,3,2,2,2,2,2,2,4,4,3,5,4,5,5,4,4,4,4,4,5,4,Very good,Very good,Good,2,2,2,4,4,4,5,5,4,4,4,5,5,4,5,5,5,4,5,4,4,4,5,4
1,Senegal,1,1,3,2,1,3,2,1,1,4,14,2,1,1,5,4,3,3,3,2,5,4,2,2,2,3,1,1,1,1,1,1,3,1,3,1,1,3,2,1,4,1,1,3,1,1,1,1,1,1,1,3,1,Acceptable,Poor,Poor,1,1,1,3,3,2,1,1,4,4,5,4,5,5,4,4,4,4,5,3,4,3,5,4
3,Romania,1,3,4,2,1,4,3,2,1,0,5,1,1,1,2,3,3,2,2,3,4,4,2,2,2,2,1,1,1,3,3,3,3,1,2,1,3,3,2,4,2,2,2,4,3,3,3,3,3,4,4,3,2,Acceptable,Acceptable,Good,3,1,3,2,3,3,4,4,4,4,4,1,2,1,5,5,5,3,4,4,5,4,5,5
2,Malaysia,2,4,4,4,4,4,4,4,3,20,50,2,3,2,4,4,3,3,3,3,3,4,2,2,2,2,3,2,2,3,2,2,2,2,2,2,1,2,2,3,4,3,4,5,5,5,5,5,5,5,5,5,5,Good,Good,Good,3,3,3,3,4,3,2,2,2,4,2,3,4,3,5,5,5,3,4,5,4,3,4,4
4,Mexico,2,2,4,3,5,5,4,1,3,41,60,2,2,1,5,4,3,3,5,3,3,5,2,2,2,2,2,2,1,2,2,2,2,2,2,2,2,2,1,,,,,5,5,5,5,5,5,5,5,5,5,Very good,Very good,Good,3,2,2,1,4,5,1,1,1,1,5,4,4,2,4,4,4,3,3,4,3,5,4,4
5,Palestine,1,1,3,2,2,3,3,1,2,100,0,2,1,1,3,3,4,2,3,3,5,4,2,2,1,2,3,1,2,2,3,3,2,2,2,2,1,2,2,4,3,1,3,4,3,5,4,,3,4,3,2,2,Acceptable,Acceptable,Acceptable,1,1,1,2,2,2,1,1,2,2,5,4,3,4,4,4,2,5,4,4,5,4,4,3
3,1rth Macedonia (Republic of),1,1,5,4,3,4,5,5,2,33,75,2,1,2,3,4,1,4,2,5,5,5,2,1,3,2,3,3,1,2,2,2,3,3,1,1,1,2,2,5,3,2,4,4,2,2,3,4,4,5,5,5,2,Good,Acceptable,Good,1,3,3,2,2,3,1,1,1,1,2,5,2,2,4,5,5,2,2,2,4,4,2,4
3,Romania,1,4,4,4,3,4,4,3,3,80,5,2,2,2,3,4,1,1,2,3,4,4,2,2,2,3,3,3,3,2,2,2,2,2,2,2,1,2,2,3,4,2,3,5,4,5,4,4,4,5,5,3,3,Acceptable,Acceptable,Acceptable,2,3,1,4,4,5,4,3,2,2,4,4,3,3,5,5,5,3,5,5,5,4,5,5
2,Nepal,1,4,2,1,1,1,1,1,1,80,5,1,1,1,2,2,4,2,2,2,4,4,1,2,1,3,1,1,1,1,1,1,1,3,1,1,1,1,2,2,1,1,1,3,2,2,1,1,1,1,1,2,2,Poor,Poor,Poor,1,1,1,4,4,3,2,2,1,1,5,3,5,3,2,4,4,2,4,3,3,3,3,3
1,Uganda,2,3,4,4,4,4,5,4,4,30,90,2,2,1,5,4,3,4,4,4,4,4,2,2,2,2,1,1,1,3,3,3,2,3,2,2,1,3,2,4,2,1,2,5,4,5,4,4,4,4,4,4,4,Acceptable,Acceptable,Acceptable,2,1,2,3,4,5,1,1,4,5,4,3,4,4,5,5,4,4,4,5,5,5,4,4
6,United States of America,1,5,4,4,5,4,5,3,4,25,50,2,5,2,5,4,2,4,2,2,2,3,2,1,2,2,3,2,3,3,3,3,2,3,3,3,1,3,2,2,3,1,5,5,5,5,5,5,5,5,5,5,5,Good,Good,Good,1,1,3,5,5,2,1,1,5,5,4,5,5,4,5,5,5,4,5,5,4,5,5,5
3,Romania,1,4,3,4,4,5,4,3,2,20,100,2,1,1,4,4,3,1,2,3,3,4,1,2,2,2,1,1,1,3,3,2,2,3,2,1,1,3,2,3,2,2,2,5,4,5,5,4,4,5,5,5,5,Very good,Very good,Very good,3,2,2,3,2,4,4,4,3,3,5,1,1,1,5,5,5,2,4,4,5,4,4,4
2,India,2,2,4,4,4,4,4,3,4,100,80,2,2,2,3,3,4,1,3,4,4,4,2,2,2,2,1,3,3,3,2,3,2,2,1,3,1,2,2,4,3,3,3,5,5,5,5,5,5,4,4,4,4,Good,Good,Good,3,2,2,4,4,4,1,1,3,3,1,3,3,4,5,5,5,5,5,5,5,5,4,4
2,"Taiwan, province of China",1,3,5,5,5,5,5,4,5,5,10,2,3,2,5,4,4,2,4,4,4,5,2,2,2,2,3,3,3,2,2,3,2,2,3,3,1,2,2,4,5,3,3,5,4,5,5,5,5,4,4,4,3,Good,Good,Good,3,3,3,2,1,5,4,4,1,1,5,2,3,2,4,5,4,1,1,3,4,5,4,5
5,Palestine,1,4,4,4,4,3,4,2,2,90,30,2,1,1,3,3,4,2,1,3,3,4,2,2,2,2,3,3,2,2,2,2,2,2,1,1,1,2,2,4,4,3,4,4,4,5,4,4,4,5,5,5,5,Very good,Very good,Very good,3,3,3,5,5,3,1,1,1,2,5,2,4,3,5,5,5,1,5,3,1,1,3,3
2,India,2,3,4,4,4,4,5,3,4,10,30,2,3,2,2,4,5,1,3,2,2,1,2,2,2,2,3,3,3,2,2,2,2,2,1,2,1,3,2,4,4,1,3,5,5,4,4,4,4,4,4,4,4,Good,Good,Good,2,2,2,5,5,4,2,3,5,5,5,3,5,2,5,5,5,3,5,4,5,4,2,2
3,Germany,1,4,3,4,4,4,3,3,1,5,10,2,2,1,3,3,3,1,3,4,4,4,2,2,2,2,2,2,3,3,3,3,2,2,3,3,1,2,2,4,3,2,2,5,4,4,4,,,5,5,4,4,Good,Good,Good,1,3,1,5,5,1,5,4,1,1,4,1,3,3,5,5,5,3,5,4,5,5,5,5
3,Germany,1,2,4,4,4,3,4,3,1,10,30,2,2,1,3,3,3,3,3,3,5,5,2,2,2,2,3,2,1,3,3,3,2,3,1,2,3,2,2,4,3,2,2,4,4,3,4,3,3,4,4,2,2,Acceptable,Acceptable,Acceptable,3,3,2,4,5,3,3,3,3,3,3,3,4,4,5,5,5,3,4,5,3,3,4,4
4,Colombia,2,3,3,2,4,3,2,3,3,2,10,2,2,2,3,4,5,1,3,5,4,2,2,2,2,2,2,3,2,2,2,3,2,2,3,2,1,2,2,1,2,1,3,3,4,4,3,3,2,3,3,2,3,Acceptable,Acceptable,Good,3,3,2,4,3,2,1,1,2,1,4,3,4,4,5,5,5,3,4,4,5,5,4,4
3,Ukraine,1,2,4,5,2,2,4,3,1,85,98,2,3,2,4,3,2,1,2,1,3,3,2,2,2,2,3,3,3,1,2,2,1,2,3,2,1,3,2,4,4,3,1,4,5,5,5,4,4,5,5,4,4,Good,Good,Good,2,3,2,4,3,2,2,2,4,4,5,1,1,2,4,3,4,3,4,3,2,2,1,2
1,Somalia,2,1,5,4,5,5,5,5,3,25,10,2,5,2,5,5,3,2,1,2,5,5,2,2,2,2,1,2,2,2,2,3,3,3,2,2,2,3,2,5,5,5,4,5,5,4,5,3,3,3,2,3,5,Good,Acceptable,Good,2,2,2,5,2,3,3,5,3,3,5,5,3,5,5,5,5,3,3,4,4,3,5,5
3,Azerbaijan,2,1,4,4,3,5,4,4,3,20,80,2,5,1,3,3,4,1,3,3,4,4,2,2,2,2,2,2,1,2,2,2,2,2,2,3,1,2,2,4,3,2,3,3,2,4,4,4,4,4,4,4,4,Good,Good,Good,2,2,2,5,5,2,1,1,1,1,3,1,2,3,4,4,5,4,5,3,3,5,4,4
1,South 1,1,5,3,4,3,3,4,3,3,25,40,2,2,1,4,3,1,3,4,3,4,4,2,2,2,2,2,2,2,2,2,2,2,2,2,1,3,1,2,4,2,4,3,4,4,3,4,3,3,4,4,4,4,Acceptable,Acceptable,Good,3,3,1,4,3,4,5,4,4,3,5,3,5,5,5,5,5,4,5,5,5,4,5,5
3,Romania,1,2,3,3,4,4,4,2,2,10,10,2,2,1,3,3,4,1,3,3,3,3,2,3,2,2,3,3,3,1,3,3,3,2,3,3,3,3,2,4,3,3,3,5,5,5,5,5,5,5,5,5,5,Good,Good,Good,3,3,3,4,4,4,4,4,4,4,5,3,3,3,5,5,5,4,4,4,4,5,5,5
3,Germany,1,2,2,2,2,3,2,1,1,0,10,2,2,2,5,3,1,4,2,3,4,1,1,2,2,1,3,1,1,2,3,3,2,3,2,1,1,3,2,2,3,1,2,4,3,2,2,2,2,3,3,1,1,Good,Good,Good,3,1,2,5,3,2,2,2,1,1,5,3,2,2,5,5,5,3,4,2,5,5,5,5
3,Germany,1,2,3,2,4,3,3,4,3,12,25,2,2,2,2,3,1,3,2,3,4,3,1,2,2,3,2,3,1,2,2,2,3,2,3,2,3,2,2,3,3,1,3,4,4,3,3,3,3,4,4,3,3,Good,Good,Good,3,3,2,2,4,3,4,4,1,1,5,3,2,3,5,4,4,3,3,4,4,4,3,3
3,Romania,1,4,4,3,3,4,4,4,2,15,15,2,3,2,3,3,3,2,2,3,4,4,1,3,2,2,3,2,3,1,2,3,1,3,3,1,1,2,2,2,3,1,3,5,4,3,4,3,4,4,4,4,2,Good,Good,Good,3,3,3,4,4,2,4,4,3,3,3,2,3,2,5,5,5,4,4,4,5,5,4,4
3,Romania,1,5,4,4,2,4,3,4,2,0,35,1,2,1,4,4,2,3,1,1,2,2,2,3,2,3,3,3,1,1,2,2,1,3,1,2,1,2,2,4,4,2,2,5,3,4,3,2,3,2,3,2,2,Acceptable,Acceptable,Acceptable,2,3,3,4,4,2,5,5,2,2,5,2,4,3,5,5,5,2,4,4,4,4,4,3
3,Romania,1,3,3,3,3,3,3,2,2,0,33,2,2,1,3,3,3,2,2,2,4,4,2,2,3,2,3,3,3,1,2,1,3,3,3,3,1,3,2,4,3,2,3,5,4,5,4,3,4,3,4,3,2,Good,Good,Very good,3,3,3,3,2,2,4,5,5,4,5,1,3,2,5,5,5,3,4,3,5,4,3,3
3,Romania,1,3,4,4,2,4,4,3,3,0,25,2,2,2,4,3,3,3,2,3,4,2,2,2,2,2,2,3,3,1,2,2,3,2,1,1,1,2,2,4,3,3,2,5,2,3,4,4,4,4,4,3,2,Good,Good,Good,1,2,2,2,3,2,4,4,4,4,5,1,5,2,5,5,5,4,4,4,4,4,4,4
3,Romania,1,4,2,2,4,3,4,3,2,10,15,2,2,1,4,3,1,2,2,2,3,4,2,2,2,2,2,2,3,3,2,2,2,3,3,2,2,2,2,4,3,2,2,5,4,3,4,3,2,3,3,4,4,Good,Very good,Very good,3,2,3,4,4,3,3,3,4,4,2,1,3,2,4,4,4,2,3,3,4,3,3,3
5,Leba1n,2,3,4,3,3,4,3,3,2,1,5,2,2,1,4,4,4,2,2,4,4,4,2,2,2,2,3,3,1,3,3,3,3,3,3,3,1,1,2,4,4,3,4,4,4,4,4,4,4,4,4,4,4,Very good,Very good,Good,3,3,1,5,5,4,1,1,4,4,3,2,4,4,5,5,5,3,5,4,5,5,4,4
4,Colombia,2,4,3,4,4,4,3,5,5,10,40,2,3,1,5,5,2,4,4,5,4,4,2,2,2,3,2,2,2,2,2,2,1,2,2,2,2,2,2,3,3,3,4,4,4,2,5,5,5,4,4,4,4,Acceptable,Acceptable,Acceptable,3,1,1,3,2,4,1,1,1,1,2,2,4,2,4,4,5,4,5,4,5,4,5,4
4,Ecuador,2,5,4,3,2,3,3,4,4,70,75,2,3,2,4,4,2,4,3,3,4,2,2,3,2,3,3,3,3,3,3,3,3,3,2,2,3,3,2,3,3,1,2,4,3,3,4,3,4,3,4,3,3,Acceptable,Acceptable,Acceptable,3,2,2,4,4,4,1,1,3,2,4,1,4,4,5,5,5,4,5,5,5,5,5,4
2,India,2,3,5,3,5,4,3,5,5,80,88,1,4,1,4,4,5,,5,5,5,5,2,2,2,1,2,2,2,2,2,2,2,2,2,2,2,2,2,4,3,4,4,3,4,4,4,4,4,3,3,4,4,Good,Good,Very good,2,2,2,3,4,4,3,5,5,4,4,5,5,5,3,4,3,4,4,4,4,4,3,4
5,Bahrain,2,2,4,4,3,4,4,3,3,0,24,2,2,2,3,3,4,1,4,3,4,4,2,2,2,2,2,2,2,1,2,1,1,2,1,2,1,2,2,4,4,4,5,4,4,4,4,4,5,5,5,5,4,Good,Good,Very good,2,1,2,4,4,3,1,1,3,3,3,1,4,1,4,4,4,3,3,3,3,2,2,4
4,Colombia,2,2,5,5,5,5,5,5,5,100,100,2,1,1,5,5,4,4,4,5,5,5,2,1,2,2,3,3,1,1,2,2,3,2,1,2,3,2,1,4,,,,5,2,3,4,4,5,5,5,5,4,Very good,Very good,Very good,1,3,2,4,4,3,1,1,4,4,4,4,4,4,5,5,5,4,4,4,5,5,5,5
2,New Zealand,2,1,4,4,3,4,3,3,3,0,10,2,2,2,2,2,2,2,2,3,3,3,2,3,2,2,1,1,2,2,2,2,2,2,2,2,1,2,2,3,2,1,3,3,3,3,3,3,3,4,4,4,4,Good,Good,Good,1,1,1,4,4,3,3,3,4,4,4,3,4,3,5,5,5,4,4,4,4,5,3,4
2,Pakistan,2,1,4,3,2,3,4,3,4,0,50,2,1,1,2,1,3,3,1,1,1,3,2,2,2,2,1,1,3,2,2,2,1,1,2,2,1,2,2,4,2,1,3,3,3,3,2,1,3,3,3,3,1,Acceptable,Acceptable,Acceptable,1,1,1,2,2,3,1,1,2,2,5,2,5,5,2,2,2,2,5,3,1,5,2,2
4,Colombia,2,2,5,5,4,4,4,3,3,5,50,2,1,2,4,5,4,3,4,5,4,5,2,2,2,3,3,3,3,2,3,1,2,3,3,2,2,2,2,4,2,2,2,4,4,5,4,4,5,4,4,4,4,Good,Good,Good,3,2,2,5,5,1,1,1,2,1,5,3,5,2,5,5,5,4,5,4,5,5,5,5
4,Uruguay,2,3,4,4,3,5,4,3,1,2,31,2,1,2,4,3,1,1,1,2,2,2,2,1,2,2,2,1,2,2,2,2,1,2,3,2,3,2,2,4,3,4,4,5,4,5,4,5,4,5,5,5,4,Very good,Very good,Very good,2,3,2,5,4,3,1,1,2,2,4,2,2,3,5,5,5,2,5,3,2,2,1,1
2,Afghanistan,1,1,2,3,3,3,2,3,2,0,5,1,2,1,3,4,1,5,2,2,4,5,1,2,2,1,1,2,1,3,1,1,3,1,1,2,1,1,2,4,1,3,2,4,2,2,2,3,3,4,2,3,4,Good,Good,Poor,2,2,2,5,4,2,5,4,3,2,2,3,5,4,5,4,4,3,5,4,3,4,4,3
1,Uganda,2,1,4,4,3,4,3,2,4,76,85,2,4,2,2,4,2,4,2,4,3,2,2,2,2,2,2,2,2,2,2,2,2,2,3,2,1,2,2,4,3,5,5,3,3,4,3,4,4,4,3,4,2,Acceptable,Poor,Acceptable,2,2,2,4,3,2,1,1,2,1,5,4,5,5,5,5,5,4,5,5,4,5,4,5
2,Afghanistan,2,1,3,4,4,3,3,2,4,51,20,1,3,1,2,3,3,2,2,3,4,4,1,3,3,3,3,3,3,3,3,3,3,3,3,3,3,3,2,3,2,2,2,4,4,4,4,4,4,3,4,4,4,Acceptable,Poor,Acceptable,1,3,3,4,5,4,5,4,3,5,4,5,5,4,5,4,4,4,5,5,5,5,5,5
